[
  {
    "Title": "Ease",
    "FileName": "Ease.tmTheme",
    "Author": "Angrypygmy",
    "Description": "Angrypygmy - Ease"
  },
  {
    "Title": "1-Pastel JavaScript",
    "FileName": "1Pastel.tmTheme",
    "Author": "Marius Pop",
    "Description": "Keep it simple."
  },
  {
    "Author": "Robert Englund",
    "Description": "A theme that has nice colors like nature in it!",
    "FileName": "Nature.tmTheme",
    "Title": "Nature"
  },
  {
    "Author": "Robert Englund",
    "Description": "A theme that has Ubuntu color scheme!",
    "FileName": "UbuntuStyle.tmTheme",
    "Title": "Ubuntu Style"
  },
  {
    "Author": "Sean Ballinger",
    "Description": "GitHub-inspired theme with bold keywords and brighter colors.",
    "FileName": "GitHub_Bold.tmTheme",
    "Title": "GitHub Bold"
  },
  {
    "Author": "Kyle Wilcox",
    "Description": "An adventure time based theme for sublime",
    "FileName": "Adventure_Time.tmTheme",
    "Title": "Adventure Time"
  },
  {
    "Author": "Kary Foundation",
    "Description": "The candy theme that makes your code a rainbow of joy!",
    "FileName": "karyfoundation-light.tmTheme",
    "Title": "Kary Foundation - Light"
  },
  {
    "Author": "Kary Foundation",
    "Description": "The candy theme that makes your code a rainbow of joy!",
    "FileName": "karyfoundation-dark.tmTheme",
    "Title": "Kary Foundation - Dark"
  },
  {
    "Author": "Jack Doyle",
    "Description": "A punchy yet simple dark neon theme.",
    "FileName": "NeonDark.tmTheme",
    "Title": "Neon Dark"
  },
  {
    "Author": "@sayhellotovanessa",
    "Description": "Based on the BBC show, Dr.Who.",
    "FileName": "SisterTardis.tmTheme",
    "Title": "Sister Tardis"
  },
  {
    "Author": "irstacks",
    "Description": "Theme developed primarily for front-end work with JS. Uses Sass. Shoulda joined the Marines instead.",
    "FileName": "ArtSchool.tmTheme",
    "Title": "Art School"
  },
  {
    "Author": "Aron Wouters",
    "Description": "Gedit look alike theme for sublime text",
    "FileName": "Gedit.tmTheme",
    "Title": "Gedit"
  },
  {
    "Author": "lingTalfi",
    "Description": "Simple bash theme with strong color contrasts for comments/finding/selection",
    "FileName": "bashling.tmTheme",
    "Title": "bashling"
  },
  {
    "Author": "Fatih Kececi",
    "Description": "A dark color scheme for Sublime Text. https://github.com/UnderlineWords/Agola-Color-Schemes",
    "FileName": "AgolaDark.tmTheme",
    "Title": "Agola Dark"
  },
  {
    "Author": "unforswearing",
    "Description": "A port of the Seafoam Pastel theme, originally for iTerm2. Easy on the eyes. https://github.com/unforswearing/seafoam-pastel-theme",
    "FileName": "Seafoam-Pastel-Light.tmTheme",
    "Title": "Seafoam Pastel Light"
  },
  {
    "Author": "bertolinimarco",
    "Description": "A more readable and low eyestrain focused Sublime Text color scheme. https://github.com/bertolinimarco/Seth-Color-Scheme",
    "FileName": "seth.tmTheme",
    "Title": "Seth"
  },
  {
    "Author": "Youssef Haiti, youssman",
    "Description": "A Sublime Text Color Theme suited for Material Design Theme. Original theme : Monokai Soft",
    "FileName": "Monokai-Soft-MD.tmTheme",
    "Title": "Monokai Soft MD"
  },
  {
    "Author": "unforswearing",
    "Description": "A port of the Seafoam Pastel theme, originally for iTerm2. Easy on the eyes. https://github.com/unforswearing/seafoam-pastel-theme",
    "FileName": "Seafoam-Pastel-Dark.tmTheme",
    "Title": "Seafoam Pastel Dark"
  },
  {
    "Author": "Branko Tomić – klomontes",
    "Description": "Custom dark theme for those who love purple. Contrast was adjusted to be easy for your eyes ad it makes your switch from Monokai easy.",
    "FileName": "PurpleHaze.tmTheme",
    "Title": "Purple Haze"
  },
  {
    "Author": "seanwooj",
    "Description": "Relax in the bask of the pastels. Feel more human while coding.",
    "FileName": "feel_good.tmTheme",
    "Title": "Feel Good"
  },
  {
    "Author": "Stephen Kamenar",
    "Description": "Goes great with techno music. https://github.com/farzher/Sublime-Text-Themes",
    "FileName": "NeonGlow.tmTheme",
    "Title": "Neon Glow"
  },
  {
    "Author": "Ivan Kuzmin",
    "Description": "The great and powerful Trixie theme",
    "FileName": "Trixie.tmTheme",
    "Title": "Trixie"
  },
  {
    "Author": "Jared Christensen",
    "Description": "A Dark theme focused on front end languages. Based off of the Bespin theme fond in Notepad ++",
    "FileName": "Hammer.tmTheme",
    "Title": "Hammer"
  },
  {
    "Author": "Alex Braun",
    "Description": "Henanigans theme for Sublime.  Theme available for iPython Notebook, Stylish, iTerm and others.",
    "FileName": "Henanigans.tmTheme",
    "Title": "Henanigans"
  },
  {
    "Author": "Daniel Hernandez",
    "Description": "Black",
    "FileName": "Daguiheso.tmTheme",
    "Title": "Daguiheso"
  },
  {
    "Author": "Ritashugisha",
    "Description": "To be used with Spacegray UI",
    "FileName": "Anarchist.tmTheme",
    "Title": "Anarchist"
  },
  {
    "Author": "Ritashugisha",
    "Description": "To be used with Spacegray Eighties UI",
    "FileName": "AnarchistEighties.tmTheme",
    "Title": "Anarchist Eighties"
  },
  {
    "Author": "Zayn Ali",
    "Description": "https://github.com/zaynali53/golden-dragon",
    "FileName": "GoldenDragon.tmTheme",
    "Title": "Golden Dragon"
  },
  {
    "Author": "Wes Cravens",
    "Description": "A theme based on the riot.js guide. See https://muut.com/riotjs/guide/",
    "FileName": "Riot.tmTheme",
    "Title": "Riot"
  },
  {
    "Author": "Devin Rhode",
    "Description": "Inverse all colors of Sublime's standard Monokai",
    "FileName": "monokai-inverse.tmTheme",
    "Title": "Monokai inversed"
  },
  {
    "Author": "Yucheng Tu",
    "Description": "A purrety dark color scheme with contrast based on Aurora. See https://github.com/Pirolf/Colorsublime-Themes.",
    "FileName": "Purrora.tmTheme",
    "Title": "Purrora"
  },
  {
    "Author": "Mark Michos",
    "Description": "A color scheme for dark Sublime Text themes.",
    "FileName": "1337.tmTheme",
    "Title": "1337"
  },
  {
    "Author": "Neil Cresswell",
    "Description": "Easy on eyes dark theme with accented comments and GitGutter support. See https://github.com/NeilCresswell/themes for other IDEs.",
    "FileName": "DarkRoomNormal.tmTheme",
    "Title": "Dark Room (Normal)"
  },
  {
    "Author": "Cipriani Mike",
    "Description": "",
    "FileName": "dropin.tmTheme",
    "Title": "Dropin"
  },
  {
    "Author": "Neil Cresswell",
    "Description": "Easy on eyes dark theme with accented comments and GitGutter support. See https://github.com/NeilCresswell/themes for other IDEs.",
    "FileName": "DarkRoomContrast.tmTheme",
    "Title": "Dark Room (Contrast)"
  },
  {
    "Author": "Zeno Rocha and Kaushalya Mandaliya",
    "Description": "Just Changed background color and lineHighlight color in Dracula Theme (Which is developed by Zeno Rocha). For more info: https://github.com/krman009/Dark-Dracula-Theme",
    "FileName": "Dark-Dracula.tmTheme",
    "Title": "Dark-Dracula"
  },
  {
    "Author": "Omar Mashaal",
    "Description": "https://github.com/mashaal/wild-cherry",
    "FileName": "wild-cherry.tmTheme",
    "Title": "Wild Cherry"
  },
  {
    "Author": "George Kampolis",
    "Description": "A dark theme making heavy use of color-coding (the author considers comments important).",
    "FileName": "Array.tmTheme",
    "Title": "Array"
  },
  {
    "Author": "Dave Luke Jr",
    "Description": "If Frank were still with us today, he would code using this theme and this theme only",
    "FileName": "Frank_Sinatra.tmTheme",
    "Title": "Frank Sinatra"
  },
  {
    "Author": "Nhat Nguyen",
    "Description": "Dark and easy on the eyes theme",
    "FileName": "Bittersweet.tmTheme",
    "Title": "Bittersweet"
  },
  {
    "Author": "Alex Dunmow",
    "Description": "Dark theme, with blues & purples",
    "FileName": "blockninja.tmTheme",
    "Title": "BlockNinja"
  },
  {
    "Author": "Pixel Lab",
    "Description": "A simple dark theme mostly derived from Soda.",
    "FileName": "Flatland_Dark.tmTheme",
    "Title": "Flatland Dark"
  },
  {
    "Author": "Pixel Lab",
    "Description": "Flatland Dark theme with a pure black background.",
    "FileName": "Flatland_Black.tmTheme",
    "Title": "Flatland Black"
  },
  {
    "Author": "Pixel Lab",
    "Description": "Monokai theme with Flatland Dark's background color.",
    "FileName": "Flatland_Monokai.tmTheme",
    "Title": "Flatland Monokai"
  },
  {
    "Author": "Justin Loudermilk",
    "Description": "A bluish monokai.",
    "FileName": "IridiumStar.tmTheme",
    "Title": "IridiumStar"
  },
  {
    "Author": "Muukii",
    "Description": "Inspired by monokai",
    "FileName": "Muukii.tmTheme",
    "Title": "Muukii"
  },
  {
    "Author": "Todd Miller",
    "Description": "Dark theme with an earthy flair. Full theme available at https://github.com/Toddses/coffee/",
    "FileName": "Coffee_Dark_Roast.tmTheme",
    "Title": "Coffee Dark Roast"
  },
  {
    "Author": "Jan T. Sott",
    "Description": "Bright theme inspired by Dutch artist Erosie",
    "FileName": "3024_Day.tmTheme",
    "Title": "3024 (Day)"
  },
  {
    "Author": "Jan T. Sott",
    "Description": "Dark theme inspired by Dutch artist Erosie",
    "FileName": "3024_Night.tmTheme",
    "Title": "3024 (Night)"
  },
  {
    "Author": "Ryan Burgess",
    "Description": "",
    "FileName": "CandyLand.tmTheme",
    "Title": "Candy Land"
  },
  {
    "Author": "Ryan Burgess",
    "Description": "",
    "FileName": "ToyMachine.tmTheme",
    "Title": "Toy Machine"
  },
  {
    "Author": "Ofer Reichman",
    "Description": "Pearls and the Spanish dancer",
    "FileName": "Abyss.tmTheme",
    "Title": "Abyss"
  },
  {
    "Author": "",
    "Description": "",
    "FileName": "Active4D.tmTheme",
    "Title": "Active4D"
  },
  {
    "Author": "David Heinemeier Hansson",
    "Description": "",
    "FileName": "All_Hallows_Eve.tmTheme",
    "Title": "All Hallows Eve"
  },
  {
    "Author": "Amy",
    "Description": "",
    "FileName": "Amy.tmTheme",
    "Title": "Amy"
  },
  {
    "Author": "Antonia Ciocodeica",
    "Description": "",
    "FileName": "ant.tmTheme",
    "Title": "Ant"
  },
  {
    "Author": "Palmer Oliveira",
    "Description": "A dark theme inspired by an Aurora Borealis.",
    "FileName": "Aurora.tmTheme",
    "Title": "Aurora"
  },
  {
    "Author": "Blackboard",
    "Description": "",
    "FileName": "Blackboard.tmTheme",
    "Title": "Blackboard"
  },
  {
    "Author": "Ed Heltze4l - Ginfuru",
    "Description": "A Sublime Text color scheme that is bright and dark",
    "FileName": "BlackRain.tmTheme",
    "Title": "BlackRain"
  },
  {
    "Author": "",
    "Description": "",
    "FileName": "BlueDawn.tmTheme",
    "Title": "BlueDawn"
  },
  {
    "Author": "",
    "Description": "",
    "FileName": "BlueLover.tmTheme",
    "Title": "BlueLover"
  },
  {
    "Author": "Martin Jagusch",
    "Description": "Colorful, dark color scheme based on the excellent Jellybeans color scheme for Vim.",
    "FileName": "Boron.tmTheme",
    "Title": "Boron"
  },
  {
    "Author": "",
    "Description": "",
    "FileName": "BoxUK.tmTheme",
    "Title": "BoxUK"
  },
  {
    "Author": "Thomas Aylott",
    "Description": "",
    "FileName": "Brilliance_Black.tmTheme",
    "Title": "Brilliance Black"
  },
  {
    "Author": "Thomas Aylott",
    "Description": "",
    "FileName": "Brilliance_Dull.tmTheme",
    "Title": "Brilliance Dull"
  },
  {
    "Author": "Ofer Reichman",
    "Description": "A blend of clarity and rich warm colors",
    "FileName": "Brunette.tmTheme",
    "Title": "Brunette"
  },
  {
    "Author": "",
    "Description": "",
    "FileName": "Carbonight.tmTheme",
    "Title": "Carbonight"
  },
  {
    "Author": "",
    "Description": "",
    "FileName": "CarbonightBlue.tmTheme",
    "Title": "CarbonightBlue"
  },
  {
    "Author": "",
    "Description": "",
    "FileName": "Carbonnight.tmTheme",
    "Title": "Carbonnight"
  },
  {
    "Author": "Ludvig Widman",
    "Description": "Chocolate brown theme",
    "FileName": "Choco.tmTheme",
    "Title": "Choco"
  },
  {
    "Author": "Austin Cummings",
    "Description": "",
    "FileName": "Chrome_DevTools.tmTheme",
    "Title": "Chrome DevTools"
  },
  {
    "Author": "",
    "Description": "",
    "FileName": "Clouds.tmTheme",
    "Title": "Clouds"
  },
  {
    "Author": "",
    "Description": "",
    "FileName": "Clouds_Midnight.tmTheme",
    "Title": "Clouds Midnight"
  },
  {
    "Author": "Jacob Rus",
    "Description": "",
    "FileName": "Cobalt.tmTheme",
    "Title": "Cobalt"
  },
  {
    "Author": "Blake Stephens",
    "Description": "Modern evolution of the old CodeWarrior by MetroWorks theme",
    "FileName": "CodeWarrior.tmTheme",
    "Title": "CodeWarrior"
  },
  {
    "Author": "",
    "Description": "",
    "FileName": "Colonoscopy.tmTheme",
    "Title": "Colonoscopy"
  },
  {
    "Author": "Todd Budnikas",
    "Description": "",
    "FileName": "Dark_Krystal.tmTheme",
    "Title": "Dark Krystal"
  },
  {
    "Author": "",
    "Description": "",
    "FileName": "Darkside.tmTheme",
    "Title": "Darkside"
  },
  {
    "Author": "Sascha Wolf",
    "Description": "The Darkside theme with a lighter selection for better readablility.",
    "FileName": "Darkside_light_selection.tmTheme",
    "Title": "Darkside (light selection)"
  },
  {
    "Author": "David Powers",
    "Description": "",
    "FileName": "Dawn.tmTheme",
    "Title": "Dawn"
  },
  {
    "Author": "JD Isaacks",
    "Description": "",
    "FileName": "deep_blue_see.tmTheme",
    "Title": "Deep Blue See"
  },
  {
    "Author": "uonick",
    "Description": "github.com/uonick",
    "FileName": "dimmed.tmTheme",
    "Title": "Dimmed"
  },
  {
    "Author": "uonick",
    "Description": "github.com/uonick",
    "FileName": "dimmed-monokai.tmTheme",
    "Title": "Dimmed-Monokai"
  },
  {
    "Author": "uonick",
    "Description": "github.com/uonick",
    "FileName": "dimmed-monokai-no-contrast.tmTheme",
    "Title": "Dimmed-Monokai-NoContrast"
  },
  {
    "Author": "uonick",
    "Description": "github.com/uonick",
    "FileName": "dimmed-night.tmTheme",
    "Title": "Dimmed-Night"
  },
  {
    "Author": "uonick",
    "Description": "github.com/uonick",
    "FileName": "dimmed-storm.tmTheme",
    "Title": "Dimmed-Storm"
  },
  {
    "Author": "zenorocha",
    "Description": "https://github.com/zenorocha/dracula-theme",
    "FileName": "Dracula.tmTheme",
    "Title": "Dracula"
  },
  {
    "Author": "",
    "Description": "",
    "FileName": "Dreamweaver.tmTheme",
    "Title": "Dreamweaver"
  },
  {
    "Author": "Ofer Reichman",
    "Description": "Have you hugged a tree today?",
    "FileName": "Druid.tmTheme",
    "Title": "Druid"
  },
  {
    "Author": "",
    "Description": "",
    "FileName": "Earthsong.tmTheme",
    "Title": "Earthsong"
  },
  {
    "Author": "Mattia Astorino",
    "Description": "Preap theme released with Preap Dark UI (https://github.com/equinusocio/preap)",
    "FileName": "preap.tmTheme",
    "Title": "Preap"
  },
  {
    "Author": "",
    "Description": "",
    "FileName": "earthsong-light.tmTheme",
    "Title": "EarthsongLight"
  },
  {
    "Author": "dncrews",
    "Description": "A dark theme full of greens and cool colors.",
    "FileName": "Easyballs.tmTheme",
    "Title": "Easyballs"
  },
  {
    "Author": "Eiffel",
    "Description": "",
    "FileName": "Eiffel.tmTheme",
    "Title": "Eiffel"
  },
  {
    "Author": "Mims H. Wright",
    "Description": "An delicious, aubergine color theme.",
    "FileName": "EggplantParm.tmTheme",
    "Title": "Eggplant Parm"
  },
  {
    "Author": "Chris Thomas",
    "Description": "",
    "FileName": "Espresso_Libre.tmTheme",
    "Title": "Espresso Libre"
  },
  {
    "Author": "Michael Obrocnik (mbixby)",
    "Description": "",
    "FileName": "Facebook.tmTheme",
    "Title": "Facebook"
  },
  {
    "Author": "Mark Herpich (Mark Michos)",
    "Description": "",
    "FileName": "FireCode.tmTheme",
    "Title": "FireCode"
  },
  {
    "Author": "ART-ifact Dev | Jeremias Arnstadt",
    "Description": "Color Scheme of the Sublime Flatgrammer Theme",
    "FileName": "Flatgrammer.tmTheme",
    "Title": "Flatgrammer"
  },
  {
    "Author": "",
    "Description": "",
    "FileName": "FreshCut.tmTheme",
    "Title": "FreshCut"
  },
  {
    "Author": "",
    "Description": "",
    "FileName": "Frontier.tmTheme",
    "Title": "Frontier"
  },
  {
    "Author": "Felipe Martinin",
    "Description": "Cool your mind",
    "FileName": "Frozen.tmTheme",
    "Title": "Frozen"
  },
  {
    "Author": "Twiebie",
    "Description": "An easy to read dark color scheme for Sublime Text.",
    "FileName": "Future_Funk.tmTheme",
    "Title": "Future Funk"
  },
  {
    "Author": "",
    "Description": "",
    "FileName": "Github.tmTheme",
    "Title": "Github"
  },
  {
    "Author": "",
    "Description": "",
    "FileName": "Gloom.tmTheme",
    "Title": "Gloom"
  },
  {
    "Author": "",
    "Description": "",
    "FileName": "Glowfish.tmTheme",
    "Title": "Glowfish"
  },
  {
    "Author": "",
    "Description": "",
    "FileName": "Goldfish.tmTheme",
    "Title": "Goldfish"
  },
  {
    "Author": "",
    "Description": "",
    "FileName": "Grunge.tmTheme",
    "Title": "Grunge"
  },
  {
    "Author": "",
    "Description": "",
    "FileName": "HalfLife.tmTheme",
    "Title": "HalfLife"
  },
  {
    "Author": "Jan T. Sott",
    "Description": "Color scheme inspired by the art of Charley Harper (1922-2007)",
    "FileName": "Harper.tmTheme",
    "Title": "Harper"
  },
  {
    "Author": "",
    "Description": "",
    "FileName": "Hyrule.tmTheme",
    "Title": "Hyrule"
  },
  {
    "Author": "Domenico Carbotta",
    "Description": "",
    "FileName": "IDLE.tmTheme",
    "Title": "IDLE"
  },
  {
    "Author": "",
    "Description": "",
    "FileName": "Iceberg.tmTheme",
    "Title": "Iceberg"
  },
  {
    "Author": "@codex8",
    "Description": "ILM techno solutions",
    "FileName": "ILM.tmTheme",
    "Title": "ILM"
  },
  {
    "Author": "@codex8",
    "Description": "ILM techno solutions",
    "FileName": "ILMHackers.tmTheme",
    "Title": "ILM Hackers"
  },
  {
    "Author": "@codex8",
    "Description": "ILM techno solutions",
    "FileName": "ILMLight.tmTheme",
    "Title": "ILM Light"
  },
  {
    "Author": "@codex8",
    "Description": "ILM techno solutions",
    "FileName": "ILMShell.tmTheme",
    "Title": "ILM Shell"
  },
  {
    "Author": "@codex8",
    "Description": "ILM techno solutions",
    "FileName": "ILMStream.tmTheme",
    "Title": "ILM Stream"
  },
  {
    "Author": "Todd Werth",
    "Description": "",
    "FileName": "IR_Black.tmTheme",
    "Title": "IR_Black"
  },
  {
    "Author": "",
    "Description": "",
    "FileName": "Juicy.tmTheme",
    "Title": "Juicy"
  },
  {
    "Author": "kaneofawesome",
    "Description": "High contrast - dark with bright highlights",
    "FileName": "Kane.tmTheme",
    "Title": "Kane"
  },
  {
    "Author": "Jan T. Sott",
    "Description": "Color scheme inspired by Mount Kimbie's second album",
    "FileName": "Kimbie_dark.tmTheme",
    "Title": "Kimbie (dark)"
  },
  {
    "Author": "Jan T. Sott",
    "Description": "Color scheme inspired by Mount Kimbie's second album",
    "FileName": "Kimbie_light.tmTheme",
    "Title": "Kimbie (light)"
  },
  {
    "Author": "Enrico Friede",
    "Description": "A dark, relaxing, simple color scheme",
    "FileName": "KoralGreen.tmTheme",
    "Title": "KoralGreen"
  },
  {
    "Author": "Domenico Carbotta",
    "Description": "",
    "FileName": "LAZY.tmTheme",
    "Title": "LAZY"
  },
  {
    "Author": "",
    "Description": "",
    "FileName": "Laravel.tmTheme",
    "Title": "Laravel"
  },
  {
    "Author": "",
    "Description": "",
    "FileName": "LastNight.tmTheme",
    "Title": "LastNight"
  },
  {
    "Author": "YemSalat",
    "Description": "A dark theme for better readablility",
    "FileName": "Late_Night.tmTheme",
    "Title": "Late Night"
  },
  {
    "Author": "",
    "Description": "",
    "FileName": "Lava.tmTheme",
    "Title": "Lava"
  },
  {
    "Author": "",
    "Description": "",
    "FileName": "Lavender.tmTheme",
    "Title": "Lavender"
  },
  {
    "Author": "Allan Odgaard",
    "Description": "",
    "FileName": "MagicWB_Amiga.tmTheme",
    "Title": "MagicWB Amiga"
  },
  {
    "Author": "Bernardo Anderson",
    "Description": "A modified Material theme based on equinusocio's original",
    "FileName": "Material.tmTheme",
    "Title": "Material"
  },
  {
    "Author": "Created by DeeJayy, http://deejayy.hu/",
    "Description": "",
    "FileName": "Mcedit.tmTheme",
    "Title": "Mcedit"
  },
  {
    "Author": "",
    "Description": "",
    "FileName": "Mellow.tmTheme",
    "Title": "Mellow"
  },
  {
    "Author": "",
    "Description": "",
    "FileName": "Merbivore.tmTheme",
    "Title": "Merbivore"
  },
  {
    "Author": "",
    "Description": "",
    "FileName": "Merbivore_Soft.tmTheme",
    "Title": "Merbivore Soft"
  },
  {
    "Author": "Johan Tique",
    "Description": "Easy contrast, best scheme for your LCD monitor based on Monokai",
    "FileName": "monokai_fresh.tmTheme",
    "Title": "Monokai Fresh"
  },
  {
    "Author": "",
    "Description": "",
    "FileName": "Monokai.tmTheme",
    "Title": "Monokai"
  },
  {
    "Author": "CalebAmesbury.com",
    "Description": "A softer more enjoyable version of the useful classic, Monokai.",
    "FileName": "Monokai-Soft.tmTheme",
    "Title": "Monokai-soft"
  },
  {
    "Author": "Rafal Lindemann",
    "Description": "",
    "FileName": "Mustard.tmTheme",
    "Title": "Mustard"
  },
  {
    "Author": "",
    "Description": "",
    "FileName": "NaturalContrast.tmTheme",
    "Title": "NaturalContrast"
  },
  {
    "Author": "Josh Trujillo",
    "Description": "",
    "FileName": "Neon_Kush.tmTheme",
    "Title": "Neon Kush"
  },
  {
    "Author": "",
    "Description": "",
    "FileName": "NetBeans.tmTheme",
    "Title": "NetBeans"
  },
  {
    "Author": "Alvaro Carmona",
    "Description": "This is an excellent and original theme, inspired by the frozen north polar passage and tundra",
    "FileName": "NorthPole.tmTheme",
    "Title": "North Pole"
  },
  {
    "Author": "James Brooks",
    "Description": "",
    "FileName": "Oblivion.tmTheme",
    "Title": "Oblivion"
  },
  {
    "Author": "Jan T. Sott",
    "Description": "Color scheme inspired by the art of Rubens LP ",
    "FileName": "Paraiso_dark.tmTheme",
    "Title": "Paraiso (dark)"
  },
  {
    "Author": "Jan T. Sott",
    "Description": "Color scheme inspired by the art of Rubens LP ",
    "FileName": "Paraiso_light.tmTheme",
    "Title": "Paraiso (light)"
  },
  {
    "Author": "Mats Persson",
    "Description": "",
    "FileName": "Pastels_on_Dark.tmTheme",
    "Title": "Pastels on Dark"
  },
  {
    "Author": "",
    "Description": "",
    "FileName": "Patriot.tmTheme",
    "Title": "Patriot"
  },
  {
    "Author": "",
    "Description": "",
    "FileName": "Peacock.tmTheme",
    "Title": "Peacock"
  },
  {
    "Author": "",
    "Description": "",
    "FileName": "Potpourri.tmTheme",
    "Title": "Potpourri"
  },
  {
    "Author": "Poyeyo",
    "Description": "",
    "FileName": "Poyeyo.tmTheme",
    "Title": "Poyeyo"
  },
  {
    "Author": "Poyeyo",
    "Description": "",
    "FileName": "Poyeyo_Blue.tmTheme",
    "Title": "Poyeyo Blue"
  },
  {
    "Author": "sam0hack",
    "Description": "light gray background theme",
    "FileName": "Rebecca.tmTheme",
    "Title": "Rebecca gray"
  },
  {
    "Author": "sam0hach",
    "Description": "Dark rebecca theme",
    "FileName": "Rebecca-dark.tmTheme",
    "Title": "Rebecca dark"
  },
  {
    "Author": "sam0hack",
    "Description": "mint theme",
    "FileName": "Rebecca-mint.tmTheme",
    "Title": "Rebecca mint"
  },
  {
    "Author": "sam0hack",
    "Description": "sky theme",
    "FileName": "Rebecca-sky.tmTheme",
    "Title": "Rebecca sky"
  },
  {
    "Author": "",
    "Description": "",
    "FileName": "Revelation.tmTheme",
    "Title": "Revelation"
  },
  {
    "Author": "JD Isaacks",
    "Description": "",
    "FileName": "Seahorse.tmTheme",
    "Title": "Seahorse"
  },
  {
    "Author": "",
    "Description": "",
    "FileName": "Slime.tmTheme",
    "Title": "Slime"
  },
  {
    "Author": "William D. Neumann",
    "Description": "",
    "FileName": "Slush_and_Poppies.tmTheme",
    "Title": "Slush and Poppies"
  },
  {
    "Author": "",
    "Description": "",
    "FileName": "Snappy.tmTheme",
    "Title": "Snappy"
  },
  {
    "Author": "",
    "Description": "",
    "FileName": "snappy-light.tmTheme",
    "Title": "SnappyLight"
  },
  {
    "Author": "",
    "Description": "",
    "FileName": "Solarflare.tmTheme",
    "Title": "Solarflare"
  },
  {
    "Author": "",
    "Description": "",
    "FileName": "Solarized-dark.tmTheme",
    "Title": "Solarized dark"
  },
  {
    "Author": "",
    "Description": "",
    "FileName": "Solarized-light.tmTheme",
    "Title": "Solarized light"
  },
  {
    "Author": "",
    "Description": "",
    "FileName": "Sourlick.tmTheme",
    "Title": "Sourlick"
  },
  {
    "Author": "Alex Ross",
    "Description": "",
    "FileName": "SpaceCadet.tmTheme",
    "Title": "SpaceCadet"
  },
  {
    "Author": "",
    "Description": "",
    "FileName": "Spearmint.tmTheme",
    "Title": "Spearmint"
  },
  {
    "Author": "",
    "Description": "",
    "FileName": "Stark.tmTheme",
    "Title": "Stark"
  },
  {
    "Author": "Stanley Rost",
    "Description": "",
    "FileName": "Sunburst.tmTheme",
    "Title": "Sunburst"
  },
  {
    "Author": "Aleksander Fras",
    "Description": "Derivated from Visual Studio Dark Theme. Purpose of this theme is to make coding not as tiring for my eyes as it used to be. My focus was on php and javascript. I've also added some less compatibility.",
    "FileName": "ThemebyDarkV1.tmTheme",
    "Title": "Themeby Dark v1"
  },
  {
    "Author": "Aleksander Fras",
    "Description": "A modified version of Themeby Dark v1. Brighter background than in v1, embedded source background is a little bit darker.",
    "FileName": "ThemebyDarkV2.tmTheme",
    "Title": "Themeby Dark v2"
  },
  {
    "Author": "",
    "Description": "",
    "FileName": "Tomorrow.tmTheme",
    "Title": "Tomorrow"
  },
  {
    "Author": "",
    "Description": "",
    "FileName": "Tomorrow_Night.tmTheme",
    "Title": "Tomorrow Night"
  },
  {
    "Author": "",
    "Description": "",
    "FileName": "Tomorrow_Night_Blue.tmTheme",
    "Title": "Tomorrow Night Blue"
  },
  {
    "Author": "",
    "Description": "",
    "FileName": "Tomorrow_Night_Bright.tmTheme",
    "Title": "Tomorrow Night Bright"
  },
  {
    "Author": "",
    "Description": "",
    "FileName": "Tomorrow_Night_Eighties.tmTheme",
    "Title": "Tomorrow Night Eighties"
  },
  {
    "Author": "",
    "Description": "",
    "FileName": "Tron.tmTheme",
    "Title": "Tron"
  },
  {
    "Author": "",
    "Description": "",
    "FileName": "TronLegacy.tmTheme",
    "Title": "TronLegacy"
  },
  {
    "Author": "",
    "Description": "",
    "FileName": "TronLight.tmTheme",
    "Title": "TronLight"
  },
  {
    "Author": "Michael Sheets",
    "Description": "",
    "FileName": "Twilight.tmTheme",
    "Title": "Twilight"
  },
  {
    "Author": "Anderson Brantes",
    "Description": "",
    "FileName": "TwoStones.tmTheme",
    "Title": "Two Stones"
  },
  {
    "Author": "",
    "Description": "",
    "FileName": "Userscape.tmTheme",
    "Title": "Userscape"
  },
  {
    "Author": "",
    "Description": "",
    "FileName": "Vibrant_Ink.tmTheme",
    "Title": "Vibrant Ink"
  },
  {
    "Author": "Whiteboard",
    "Description": "A white version of the Blackboard theme.",
    "FileName": "Whiteboard.tmTheme",
    "Title": "Whiteboard"
  },
  {
    "Author": "",
    "Description": "",
    "FileName": "Xcode_default.tmTheme",
    "Title": "Xcode default"
  },
  {
    "Author": "",
    "Description": "",
    "FileName": "Yule.tmTheme",
    "Title": "Yule"
  },
  {
    "Author": "William D. Neumann",
    "Description": "",
    "FileName": "Zenburnesque.tmTheme",
    "Title": "Zenburnesque"
  },
  {
    "Author": "Zayn Ali",
    "Description": "https://github.com/zaynali53/Zeus-Theme",
    "FileName": "Zeus-Sublime-Text.tmTheme",
    "Title": "Zeus"
  },
  {
    "Author": "Jeroen van der Ham",
    "Description": "",
    "FileName": "iPlastic.tmTheme",
    "Title": "IPlastic"
  },
  {
    "Author": "",
    "Description": "",
    "FileName": "idleFingers.tmTheme",
    "Title": "IdleFingers"
  },
  {
    "Author": "",
    "Description": "",
    "FileName": "krTheme.tmTheme",
    "Title": "KrTheme"
  },
  {
    "Author": "",
    "Description": "",
    "FileName": "monoindustrial.tmTheme",
    "Title": "Monoindustrial"
  },
  {
    "Author": "Chris Thomas",
    "Description": "",
    "FileName": "textmate.tmTheme",
    "Title": "Textmate"
  },
  {
    "Author": "Koen Lageveen",
    "Description": "",
    "FileName": "SalmonOnIce.tmTheme",
    "Title": "Salmon On Ice"
  },
  {
    "Author": "Luke Shiels",
    "Description": "",
    "FileName": "Sweet_Dreams.tmTheme",
    "Title": "Sweet Dreams"
  },
  {
    "Author": "Chris Acky",
    "Description": "",
    "FileName": "SolarSooty.tmTheme",
    "Title": "Solar Sooty"
  },
  {
    "Author": "Jan T. Sott",
    "Description": "",
    "FileName": "WarpOS.tmTheme",
    "Title": "WarpOS"
  },
  {
    "Author": "Manuel Ebert",
    "Description": "github.com/maebert",
    "FileName": "Welded.tmTheme",
    "Title": "Welded"
  },
  {
    "Author": "Steve Lacy",
    "Description": "github.com/stevelacy",
    "FileName": "Monokai-Vivid.tmTheme",
    "Title": "Monokai Vivid"
  },
  {
    "Author": "Battlelore",
    "Description": "",
    "FileName": "spectral.tmTheme",
    "Title": "Spectral"
  },
  {
    "Author": "Jefersson Nathan",
    "Description": "",
    "FileName": "Symfony.tmTheme",
    "Title": "Symfony Framework Documentation"
  },
  {
    "Author": "Ricardo Muniz Crespo",
    "Description": "http://kotarodesign.com",
    "FileName": "Flat.tmTheme",
    "Title": "Flat"
  },
  {
    "Author": "Ethan Welborn",
    "Description": "A dark theme inspired by the Dark Knight himself. https://github.com/welbornio",
    "FileName": "Batman.tmTheme",
    "Title": "Batman"
  },
  {
    "Author": "Ethan Welborn",
    "Description": "A lighter version of the Batman theme. https://github.com/welbornio",
    "FileName": "BatmanLight.tmTheme",
    "Title": "BatmanLight"
  },
  {
    "Author": "Christopher Kaster",
    "Description": "https://github.com/kasoki",
    "FileName": "sublime_xoria.tmTheme",
    "Title": "Sublime Xoria"
  },
  {
    "Author": "Colin T.A. Gray",
    "Description": "https://github.com/colinta/zenburn",
    "FileName": "zenburn.tmTheme",
    "Title": "Zenburn"
  },
  {
    "Author": "dbaker",
    "Description": "Minimal dark theme using complementary colors",
    "FileName": "Tricolor.tmTheme",
    "Title": "Tricolor"
  },
  {
    "Author": "dbaker",
    "Description": "Light version of Tricolor for sunny days",
    "FileName": "TricolorLight.tmTheme",
    "Title": "Tricolor Light"
  },
  {
    "Author": "Ricardo Muniz Crespo",
    "Description": "http://kotarodesign.com",
    "FileName": "Flat_Dark.tmTheme",
    "Title": "Flat Dark"
  },
  {
    "Author": "@ralts00, @jceb",
    "Description": "Pink beauty theme for day",
    "FileName": "LastRoom_Light.tmTheme",
    "Title": "LastRoom Light"
  },
  {
    "Author": "@ralts00, @jceb",
    "Description": "Pink beauty theme for night",
    "FileName": "LastRoom_Dark.tmTheme",
    "Title": "LastRoom Dark"
  },
  {
    "Author": "Rubens Stulzer",
    "Description": "Color scheme inspired on Heroku dashboard colors",
    "FileName": "Heroku.tmTheme",
    "Title": "Heroku"
  },
  {
    "Author": "Onrik",
    "Description": "",
    "FileName": "WarmNeon.tmTheme",
    "Title": "WarmNeon"
  },
  {
    "Author": "Martin Kühl",
    "Description": "Similar to IR_Black, a calming theme made originally for Espresso by One Crayon",
    "FileName": "QuietLight.tmTheme",
    "Title": "Quiet Light"
  },
  {
    "Author": "Arjen de Vries",
    "Description": "A theme full of pastels.",
    "FileName": "Pastel.tmTheme",
    "Title": "Pastel"
  },
  {
    "Author": "@Jzechy",
    "Description": "Theme inspired by Nette framework documentation.",
    "FileName": "Nette.tmTheme",
    "Title": "Nette"
  },
  {
    "Author": "@JZechy",
    "Description": "Theme created in Spring colors.",
    "FileName": "Spring.tmTheme",
    "Title": "Spring"
  },
  {
    "Author": "Saad Quadri",
    "Description": "Theme inspired by Solarized and base16 Ocean color schemes.",
    "FileName": "Solarized-ocean.tmTheme",
    "Title": "Solarized Ocean"
  },
  {
    "Author": "Saad Quadri",
    "Description": "A modified version of Dayle Reese's Tron color scheme.",
    "FileName": "Hail.tmTheme",
    "Title": "Hail"
  },
  {
    "Author": "Saad Quadri",
    "Description": "Theme inspired by the vivid colors used on JSHint.",
    "FileName": "Bliss.tmTheme",
    "Title": "Bliss"
  },
  {
    "Author": "Saad Quadri",
    "Description": "Modified version of Tomorrow Night",
    "FileName": "Eden.tmTheme",
    "Title": "Eden"
  },
  {
    "Author": "Fernando Guisso",
    "Description": "Theme inspired by Cirque du Soleil, La Nouba",
    "FileName": "Nouba.tmTheme",
    "Title": "Nouba"
  },
  {
    "Author": "Michael Chapman",
    "Description": "A dark and earthy theme.",
    "FileName": "Kabbotta.tmTheme",
    "Title": "Kabbotta"
  },
  {
    "Author": "Travis Lehman",
    "Description": "A dark theme designed to be easy on the eyes.",
    "FileName": "Acai.tmTheme",
    "Title": "Acai"
  },
  {
    "Author": "Marian Zagoruiko",
    "Description": "Basic Monokai theme with grey instead of white and some other improvements.",
    "FileName": "MonokaiEasyForRetina.tmTheme",
    "Title": "Monokai - Easy White for Retina"
  },
  {
    "Author": "Shakeel Mohamed",
    "Description": "Based on Monokai vivid with: Monokai's selection color, Monokai Gray's background color, and colored JSON.",
    "FileName": "monokai-best.tmTheme",
    "Title": "Monokai Best"
  },
  {
    "Author": "Adi",
    "Description": "A theme with lots of modern lite colors with dark blue background that works just perfect.",
    "FileName": "Metropolis.tmTheme",
    "Title": "Metropolis"
  },
  {
    "Author": "Saad Quadri",
    "Description": "A modified version of Base16's Ocean Dark color scheme to match Soda's Dark theme.",
    "FileName": "Ocean-Dark-Soda.tmTheme",
    "Title": "Ocean Dark Soda"
  },
  {
    "Author": "Grant Eagon",
    "Description": "Monokai like theme for Sublime Text that is easy on the eyes, like Kate Upton.",
    "FileName": "monokate.tmTheme",
    "Title": "MonoKate"
  },
  {
    "Author": "Evan Dull",
    "Description": "Monokai, but with a pure black background.",
    "FileName": "Monokai-Midnight.tmTheme",
    "Title": "Monokai-Midnight"
  },
  {
    "Author": "Sindre Sorhus",
    "Description": "Lets you focus on the content",
    "FileName": "Focus_Dark.tmTheme",
    "Title": "Focus Dark"
  },
  {
    "Author": "Sindre Sorhus",
    "Description": "Lets you focus on the content",
    "FileName": "Focus_Light.tmTheme",
    "Title": "Focus Light"
  },
  {
    "Author": "Cimpean Andrei",
    "Description": "Cool relaxing light theme.",
    "FileName": "Capo-Light.tmTheme",
    "Title": "Capo Light"
  },
  {
    "Author": "Cimpean Andrei",
    "Description": "Cool relaxing dark theme.",
    "FileName": "Capo-Dark.tmTheme",
    "Title": "Capo Dark"
  },
  {
    "Author": "Ken Wheeler",
    "Description": "Push ups not included.",
    "FileName": "Brogrammer.tmTheme",
    "Title": "Brogrammer"
  },
  {
    "Author": "bmxryder711",
    "Description": "Dark theme with cool colors.",
    "FileName": "zombies_ate_my_neighbors.tmTheme",
    "Title": "Zombies Ate My Neighbors"
  },
  {
    "Author": "Yabata Design",
    "Description": "A minimal dark Theme.",
    "FileName": "Afterglow.tmTheme",
    "Title": "Afterglow"
  },
  {
    "Author": "José F. Romaniello",
    "Description": "Dark theme inspired by Obsidian",
    "FileName": "GrandsonOfObsidian.tmTheme",
    "Title": "Grandson of Obsidian"
  },
  {
    "Author": "Jonas Hermsmeier",
    "Description": "Dark, minimal theme (perfect fit for Ayu UI theme)",
    "FileName": "Chelevra-Ayu.tmTheme",
    "Title": "Chelevra Ayu"
  },
  {
    "Author": "Jonas Hermsmeier",
    "Description": "Dark, minimal theme (perfect fit for Material UI theme)",
    "FileName": "Chelevra-Material.tmTheme",
    "Title": "Chelevra Material"
  },
  {
    "Author": "Josema Enzo",
    "Description": "The best of Monokai and Aurora themes.",
    "FileName": "Monokai-Aurora.tmTheme",
    "Title": "Monokai Aurora"
  },
  {
    "Author": "Josema Enzo",
    "Description": "Distributed Object Protocol theme.",
    "FileName": "dop.tmTheme",
    "Title": "dop"
  },
  {
    "Author": "Josh Burgess",
    "Description": "A colorful dark theme.",
    "FileName": "Bungler.tmTheme",
    "Title": "Bungler"
  },
  {
    "Author": "Kiswono Prayogo",
    "Description": "Dark Theme especially for Go.",
    "FileName": "KyzDark.tmTheme",
    "Title": "KyzDark"
  },
  {
    "Author": "x3ns",
    "Description": "This is a very balanced and soft scheme. Awesome for night work. For more info, see: https://github.com/x3ns/x3-alpha-theme/",
    "FileName": "x3-alpha.tmTheme",
    "Title": "X3-Alpha"
  },
  {
    "Author": "Justin .K (SirWags)",
    "Description": "A berry flavored theme for Sublime",
    "FileName": "GhettoBerryBlast.tmTheme",
    "Title": "GhettoBerryBlast"
  },
  {
    "Author": "Jan T. Sott",
    "Description": "Color scheme inspired by the Hopscotch learning platform for kids",
    "FileName": "Hopscotch.tmTheme",
    "Title": "Hopscotch"
  },
    {
    "Author": "Victor Fabiano Gomes[godotAndCoffee|BlackLeMore]",
    "Description": "For programmers who have floaters like me.",
    "FileName": "Tireless.tmTheme",
    "Title": "Tireless"
  },
  {
    "Author": "1ClickComputing",
    "Description": "A striking dark red theme",
    "FileName": "red.tmTheme",
    "Title": "Red"
  },
  {
    "Author": "Randy Lai, Jon Schlinkert",
    "Description": "Derived from sublime-monokai-extended with Wombat color scheme. https://github.com/randy3k/Wombat",
    "FileName": "Wombat.tmTheme",
    "Title": "Wombat"
  },
  {
    "Author": "Michelle Liu (anonmily)",
    "Description": "Dark (yet not too dark) theme with subtle highlighting of PHP code/comments, and LESS syntax coloring",
    "FileName": "Shadows.tmTheme",
    "Title": "Shadows"
  },
  {
    "Author": "HaCk3D",
    "Description": "A dark and colorful theme for coding :3",
    "FileName": "Code-Lover.tmTheme",
    "Title": "Code-Lover"
  },
  {
    "Title": "Legatus",
    "FileName": "Legatus.tmTheme",
    "Author": "Interdictor",
    "Description": "Beautiful southern Europe colours"
  },
  {
    "Author": "Dayle Rees.",
    "Description": "",
    "FileName": "arstotzka.tmTheme",
    "Title": "arstotzka"
  },
  {
    "Author": "Dayle Rees.",
    "Description": "",
    "FileName": "azure.tmTheme",
    "Title": "azure"
  },
  {
    "Author": "Dayle Rees.",
    "Description": "",
    "FileName": "bold.tmTheme",
    "Title": "bold"
  },
  {
    "Author": "Dayle Rees.",
    "Description": "",
    "FileName": "chocolate.tmTheme",
    "Title": "chocolate"
  },
  {
    "Author": "Dayle Rees.",
    "Description": "",
    "FileName": "crisp.tmTheme",
    "Title": "crisp"
  },
  {
    "Author": "Dayle Rees.",
    "Description": "",
    "FileName": "keen.tmTheme",
    "Title": "keen"
  },
  {
    "Author": "Dayle Rees.",
    "Description": "",
    "FileName": "kiwi.tmTheme",
    "Title": "kiwi"
  },
  {
    "Author": "Dayle Rees.",
    "Description": "",
    "FileName": "legacy.tmTheme",
    "Title": "legacy"
  },
  {
    "Author": "Dayle Rees.",
    "Description": "",
    "FileName": "mintchoc.tmTheme",
    "Title": "mintchoc"
  },
  {
    "Author": "Dayle Rees.",
    "Description": "",
    "FileName": "mud.tmTheme",
    "Title": "mud"
  },
  {
    "Author": "Dayle Rees.",
    "Description": "",
    "FileName": "otakon.tmTheme",
    "Title": "otakon"
  },
  {
    "Author": "Dayle Rees.",
    "Description": "",
    "FileName": "peacocks-in-space.tmTheme",
    "Title": "peacocks-in-space"
  },
  {
    "Author": "Odepax",
    "Description": "A dark contrasted syntax color scheme for Sublime Text. Inspired by Peacock theme.",
    "FileName": "MarsPeacock.tmTheme",
    "Title": "Mars Peacock"
  },
  {
    "Author": "Dayle Rees.",
    "Description": "",
    "FileName": "peel.tmTheme",
    "Title": "peel"
  },
  {
    "Author": "Dayle Rees.",
    "Description": "",
    "FileName": "piggy.tmTheme",
    "Title": "piggy"
  },
  {
    "Author": "Dayle Rees.",
    "Description": "",
    "FileName": "rainbow.tmTheme",
    "Title": "rainbow"
  },
  {
    "Author": "Dayle Rees.",
    "Description": "",
    "FileName": "shrek.tmTheme",
    "Title": "shrek"
  },
  {
    "Author": "Dayle Rees.",
    "Description": "",
    "FileName": "slate.tmTheme",
    "Title": "slate"
  },
  {
    "Author": "Ankush Thakur",
    "Description": "A graceful, soothing dark color scheme for those seeking balance in colors",
    "FileName": "those_lights.tmTheme",
    "Title": "Those Lights"
  },
  {
    "Author": "Dayle Rees.",
    "Description": "",
    "FileName": "super.tmTheme",
    "Title": "super"
  },
  {
    "Author": "Dayle Rees.",
    "Description": "",
    "FileName": "tonic.tmTheme",
    "Title": "tonic"
  },
  {
    "Author": "Dayle Rees.",
    "Description": "",
    "FileName": "tribal.tmTheme",
    "Title": "tribal"
  },
  {
    "Author": "Dayle Rees.",
    "Description": "",
    "FileName": "turnip.tmTheme",
    "Title": "turnip"
  },
  {
    "Author": "Dayle Rees.",
    "Description": "",
    "FileName": "zacks.tmTheme",
    "Title": "zacks"
  },
  {
    "Author": "Ankur Gupta",
    "Description": "GitHub-like color scheme. White background, bold and italic fonts, diff color highlighting and BracketHighlighter color.",
    "FileName": "GitHubCleanWhite.tmTheme",
    "Title": "GitHub Clean White"
  },
  {
    "Author": "MattDMo",
    "Description": "A colorful bright-on-black color scheme with multi-language support http://git.io/b4kU",
    "FileName": "Neon.tmTheme",
    "Title": "Neon"
  },
  {
    "Author": "JP Fairchild",
    "Description": "Dark Sublime Theme",
    "FileName": "DeerAntlerDark.tmTheme",
    "Title": "Deer Antler Dark"
  },
  {
    "Author": "Kristopher Johnson",
    "Description": "Amber monochrome terminal-like theme",
    "FileName": "Amber.tmTheme",
    "Title": "Amber"
  },
  {
    "Author": "Jakob Gaardsted",
    "Description": "Green monochrome terminal-like theme",
    "FileName": "GreenTerm.tmTheme",
    "Title": "GreenTerm"
  },
  {
    "Author": "Kristopher Johnson",
    "Description": "Green monochrome terminal-like theme",
    "FileName": "Green.tmTheme",
    "Title": "Green"
  },
  {
    "Author": "Kristopher Johnson",
    "Description": "Blue monochrome theme",
    "FileName": "Blueprint.tmTheme",
    "Title": "Blueprint"
  },
  {
    "Author": "Dmitri Voronianski",
    "Description": "Color scheme optimized for babel-sublime JavaScript syntax highlighter. Inspired by Base16 Ocean Dark Theme.",
    "FileName": "Oceanic_Next.tmTheme",
    "Title": "Oceanic Next"
  },
  {
    "Author": "Jarno van Rhijn",
    "Description": "A Monokai color scheme (https://github.com/jarnovanrhijn) especially for cobalt 2 theme (https://github.com/wesbos/cobalt2).",
    "FileName": "Monokai-Cobalt.tmTheme",
    "Title": "Monokai Cobalt"
  },
  {
    "Author": "Stephen Underwood",
    "Description": "A dark color scheme, based on the awesome Jellybeans color scheme for vim",
    "FileName": "Jellybeams.tmTheme",
    "Title": "Jellybeams"
  },
  {
    "Author": "Randall Koutnik",
    "Description": "https://github.com/SomeKittens/ST-Hot-Dog-Stand",
    "FileName": "HotDogStand.tmTheme",
    "Title": "Hot Dog Stand"
  },
  {
    "Author": "Joe Bergantine",
    "Description": "based on a warmer color palette than it’s older brother, Specials Board, it’s a little bit more natural, a little bit more tropcial. The background is a rich dark brown with complimentary colors over the top. Birds of Paradise is named for the Paradisaeidae family of birds in New Guinea from which it draws inspiration.",
    "FileName": "Birds_of_Paradise.tmTheme",
    "Title": "Birds of Paradise"
  },
  {
    "Author": "Paul Denya",
    "Description": "",
    "FileName": "Daily-Grind.tmTheme",
    "Title": "Daily Grind"
  },
  {
    "Author": "Damien Guard",
    "Description": "Earthy background and consistent soft colours for reduced eye-strain",
    "FileName": "Humane.tmTheme",
    "Title": "Humane"
  },
  {
    "Author": "Michael Hrishenko",
    "Description": "Dark theme, rainbow contrasts with emphasis on user defined code portions. Tweaked for Clojure.",
    "FileName": "Chameleon.tmTheme",
    "Title": "Chameleon"
  },
  {
    "Author": "John-Paul Bader",
    "Description": "This is a color scheme for terminals and text editors to create a homogenous work environment which is pleasant for the eyes. The colors are carefully chosen and should work well in many different situations.",
    "FileName": "Smyck.tmTheme",
    "Title": "Smyck"
  },
  {
    "Author": "Jules Ries",
    "Description": "A tangy, succulent Monokai that steals heavily from Shakeel Mohamed's Monokai Best.",
    "FileName": "Monokai-HighFructose.tmTheme",
    "Title": "Monokai-HighFructose"
  },
  {
    "Author": "Nath Arduini",
    "Description": "Dark syntax highlighting for cfml and html inspired by the One Dark theme in Atom -- best used with the 'Enhanced HTML and CFML' package",
    "FileName": "DarkCF.tmTheme",
    "Title": "DarkCF"
  },
  {
    "Author": "Tomek Wiszniewski",
    "Description": "Downright minimal.",
    "FileName": "Ascetic.tmTheme",
    "Title": "Ascetic"
  },
  {
    "Author": "Dmitry Pinchukov",
    "Description": "Night variant of Ascetic: inverted and slightly tuned colors. Credits to Tomek Wiszniewski for the original theme.",
    "FileName": "Ascetic-Night.tmTheme",
    "Title": "Ascetic-Night"
  },
  {
    "Author": "Nick Eddy",
    "Description": "A dark theme found at http://www.textmatetheme.com/resesif",
    "FileName": "Resesif.tmTheme",
    "Title": "Resesif"
  },
  {
    "Author": "Manuel Barkhau",
    "Description": "A high contrast variant of Monokai. Black background and bright colors.",
    "FileName": "Monokai-Contrast.tmTheme",
    "Title": "Monokai Contrast"
  },
  {
    "Author": "Simon Goellner",
    "Description": "A pretty, gooey theme in mostly greens and blues.",
    "FileName": "Gooey.tmTheme",
    "Title": "Gooey"
  },
  {
    "Author": "Simon Goellner",
    "Description": "A more sudued gooey.",
    "FileName": "GooeyPastel.tmTheme",
    "Title": "Gooey Pastel"
  },
  {
    "Author": "Younes Zakaria",
    "Description": "A dark and techy theme, with a blue background and bright, neon-like colors.",
    "FileName": "SpaceRave.tmTheme",
    "Title": "Space Rave"
  },
  {
    "Author": "Taiwo Kareem",
    "Description": "A vibrant light color scheme with support for over 75 languages, gitgutter and sublime linter",
    "FileName": "Wildlife-Day.tmTheme",
    "Title": "Wildlife-Day"
  },
  {
    "Author": "Taiwo Kareem",
    "Description": "A vibrant dark color scheme with support for over 75 languages, gitgutter and sublime linter",
    "FileName": "Wildlife-Night.tmTheme",
    "Title": "Wildlife-Night"
  },
  {
    "Author": "Alex King",
    "Description": "A bright theme inspired by the Artwork Meteor by Nina Geometrieva. Best Paired with the Flatron theme.",
    "FileName": "Meteor.tmTheme",
    "Title": "Meteor"
  },
  {
    "Author": "Jonathan Santos",
    "Description": "A theme to keep it clean. And vibrant. And light.",
    "FileName": "santojon.tmTheme",
    "Title": "santojon"
  },
  {
    "Author": "Jonathan Santos",
    "Description": "A theme to keep it clean. And vibrant. But dark.",
    "FileName": "santojon-dark.tmTheme",
    "Title": "santojon dark"
  },
  {
    "Author": "@rselwyn",
    "Description": "A dark theme with bright offset colors.",
    "FileName": "LightBulb.tmTheme",
    "Title": "LightBulb"
  },
  {
    "Author": "@rselwyn",
    "Description": "A dark background with bright green, red, and blue code highlighting.",
    "FileName": "Hacker.tmTheme",
    "Title": "Hacker"
  },
  {
    "Author": "Arkadiusz Wieczorek",
    "Description": "A theme for better highlighting JavaScript syntax. https://github.com/debian-sh",
    "FileName": "Better_JS.tmTheme",
    "Title": "Better JS"
  },
  {
    "Author": "Luca Reghellin",
    "Description": "A light theme, prepared for html, scss, javascript, php, jade, smarty",
    "FileName": "New-Day.tmTheme",
    "Title": "New Day"
  },
  {
    "Author": "Maximiliano Canellas",
    "Description": "A Monokai Contrast based theme for programmers",
    "FileName": "Monokai-Dev.tmTheme",
    "Title": "Monokai Dev"
  },
  {
    "Author": "Praveen Puglia",
    "Description": "A light theme with popping colors for razor sharp clarity.",
    "FileName": "Poppins.tmTheme",
    "Title": "Poppins"
  },
  {
    "Author": "Ryan Pack",
    "Description": "A Sublime Text theme based off of TronLegacy.",
    "FileName": "LegacyPack.tmTheme",
    "Title": "Legacy Pack"
  },
  {
    "Author": "Victor Volle",
    "Description": "A dark theme with muted colours and little variation",
    "FileName": "VivoSub.tmTheme",
    "Title": "VivoSub"
  },
  {
    "Author": "Ben de Castro",
    "Description": "Based on the 'Tomorrow Night' Theme",
    "FileName": "Into-the-Dark.tmTheme",
    "Title": "Into the Dark"
  },
  {
    "Author": "Dave Tate",
    "Description": "Dark color scheme, low-contrast, natural tones.",
    "FileName": "Earthworm.tmTheme",
    "Title": "Earthworm"
  },
  {
    "Author": "Daniel Pintilei",
    "Description": "Yummy syntax theme. https://danielpintilei.cf/Cake",
    "FileName": "Cake.tmTheme",
    "Title": "Cake"
  },
  {
    "Author": "Consigliere",
    "Description": "Github color scheme version 2",
    "FileName": "Github-v2.tmTheme",
    "Title": "GitHub v2"
  },
  {
    "Author": "Consigliere",
    "Description": "Solarized Dark theme used in Nitrous.io",
    "FileName": "Solarized-dark-Nitrous.io.tmTheme",
    "Title": "Solarized Dark (Nitrous.io version)"
  },
  {
    "Author": "Giovane de Oliveira",
    "Description": "A dark color scheme for Sublime Text, the colors are based on Google Chrome Dev Tools (Default Dark Theme). https://github.com/Mosquito13/DarkMosquito-Color-Scheme",
    "FileName": "DarkMosquito.tmTheme",
    "Title": "DarkMosquito Color Scheme"
  },
  {
    "Author": "weop",
    "Description": "A minimalistic dark color theme that's easy on the eyes.",
    "FileName": "Humble.tmTheme",
    "Title": "Humble Night"
  },
  {
    "Author": "Luka Kotar",
    "Description": "A Monokai theme with a near-black purple background and a soft orange selection color.",
    "FileName": "Monokai-Charcoal.tmTheme",
    "Title": "Monokai Charcoal"
  },
  {
    "Author": "Cat Noone",
    "Description": "A custom editor theme with flavorful colors that pop and are muted where necessary. https://github.com/imcatnoone/toothpaste",
    "FileName": "toothpaste.tmTheme",
    "Title": "Toothpaste"
  },
  {
    "Author": "fullerenedream",
    "Description": "Candy Land modified to have some more saturated colors. https://github.com/fullerenedream/sublime-themes/blob/master/Candy_Brights.tmTheme",
    "FileName": "Candy_Brights.tmTheme",
    "Title": "Candy_Brights"
  },
  {
    "Author": "fullerenedream",
    "Description": "Evokes the glow of fluorescent pigments under ultraviolet light. https://github.com/fullerenedream/sublime-themes/blob/master/FluoroMachine.tmTheme",
    "FileName": "FluoroMachine.tmTheme",
    "Title": "FluoroMachine"
  },
  {
    "Author": "danyadsmith",
    "Description": "A dark theme inspired by Kolor for Espresso 2. https://github.com/danyadsmith/AnotherKolor/",
    "FileName": "Another_Kolor_Dark.tmTheme",
    "Title": "Another Kolor (Dark)"
  },
  {
    "Author": "Brian Mock (@wavebeem)",
    "Description": "A dark and foggy theme https://github.com/wavebeem/sublime-theme-foggy-evening",
    "FileName": "Foggy-Evening.tmTheme",
    "Title": "Foggy Evening"
  },
  {
    "Author": "Brian Mock (@wavebeem)",
    "Description": "A light and foggy theme https://github.com/wavebeem/sublime-theme-foggy-morning",
    "FileName": "Foggy-Morning.tmTheme",
    "Title": "Foggy Morning"
  },
  {
    "Author": "danyadsmith",
    "Description": "A light theme inspired by Kolor for Espresso 2. https://github.com/danyadsmith/AnotherKolor/",
    "FileName": "Another_Kolor_Light.tmTheme",
    "Title": "Another Kolor (Light)"
  },
  {
    "Author": "WhosMyName",
    "Description": "A darker theme inspired by Monokai for Sublime, VSCode and others. Black Background and a Striking Color Scheme. https://github.com/WhosMyName/Dark-Korokai",
    "FileName": "DarkKorokai.tmTheme",
    "Title": "Dark Korokai"
  },
  {
    "Author": "zchen9",
    "Description": "A custom editor theme with colorful colors. https://github.com/zchen9/sublime-color-scheme",
    "FileName": "Cozy.tmTheme",
    "Title": "Cozy"
  },
  {
    "Author": "svencicky",
    "Description": "A simple light blue theme. https://github.com/svencicky/sublime",
    "FileName": "LightBlue.tmTheme",
    "Title": "LightBlue"
  },
  {
    "Author": "Nicola Peduzzi",
    "Description": "A Gruvbox inspired theme with a retro look, pastel colors.",
    "FileName": "Gruvbox-N.tmTheme",
    "Title": "Gruvbox-N"
  },
  {
    "Author": "Maurice Cruz",
    "Description": "Zero Dark Matrix for SublimeText. https://gist.github.com/mauricecruz/9e0501a34ec1382fb509",
    "FileName": "ZeroDarkMatrix.tmTheme",
    "Title": "Zero Dark Matrix"
  },
  {
    "Author": "Ivo Stratev",
    "Description": "Angular.io inspired Color Theme",
    "FileName": "Angular-io-Code.tmTheme",
    "Title": "Angular-io-Code"
  },
  {
    "Author": "George Stockfisch, orig. auth Kobzarev Mikhail ",
    "Description": "A copy of the ditplus theme, originally from https://github.com/mihdan/Editplus-Theme-for-Sublime-Text-2/blob/master/EditPlus.tmTheme",
    "FileName": "EditPlus.tmTheme",
    "Title": "EditPlus"
  },
  {
    "Author": "lxzdxmxn",
    "Description": "",
    "FileName": "mutedrainbow_sky.tmTheme",
    "Title": "Muted Rainbow"
  },
  {
    "Author": "Glenn Arseneau",
    "Description": "Inspired by Rush's 2112 album. https://github.com/garseneau/2112-Sublime-theme",
    "FileName": "2112.tmTheme",
    "Title": "2112"
  },
  {
    "Author": "maxpleaner",
    "Description": "Super minimal: grey on black with yellow cursor and only grey outline for selections",
    "FileName": "Turn-Off-Syntax-Highlighting.tmTheme",
    "Title": "Turn Off Syntax Highlighting"
  },
  {
    "Author": "Dayton Nolan",
    "Description": "A minty theme that's easy on the eyes.",
    "FileName": "Minteresting.tmTheme",
    "Title": "Minteresting"
  },
  {
    "Author": "Sandeep Yadav",
    "Description": "A soft dark theme. https://github.com/sande3p/candy-crush.tmTheme",
    "FileName": "candy-crush.tmTheme",
    "Title": "Candy Crush"
  },
  {
    "Author": "Abraham Howland",
    "Description": "A theme loosely inspired by the national park.",
    "FileName": "BigBend.tmTheme",
    "Title": "Big Bend"
  },
  {
    "Author": "Kenji Katahira",
    "Description": "A syntax theme based on the RamdaJS",
    "FileName": "RamdaJS.tmTheme",
    "Title": "RamdaJS"
  },
  {
    "Author": "Rune Warhuus",
    "Description": "A dark color scheme for happy coders",
    "FileName": "DinkDonk.tmTheme",
    "Title": "DinkDonk"
  },
  {
    "Author": "Gustavo Cavalcante",
    "Description": "A dark theme based on ocean",
    "FileName": "Oceanic-Reef.tmTheme",
    "Title": "Oceanic Reef"
  },
  {
    "Author": "Nico Schuele",
    "Description": "A dark theme used by Snakecasts.com",
    "FileName": "Snakecasts.tmTheme",
    "Title": "Snakecasts"
  },
  {
    "Author": "Geno Racklin Asher",
    "Description": "A theme very similar to Codecademy's, borrowing elements from 'Tomorrow Night - Bright' and Pacific Dark.",
    "FileName": "Codecademy.tmTheme",
    "Title": "Codecademy"
  },
  {
    "Author": "Geno Racklin Asher",
    "Description": "A dark theme so you can have your 3.141592653589793238 and eat it too.",
    "FileName": "Piodine.tmTheme",
    "Title": "Piodine"
  },
  {
    "Author": "Geno Racklin Asher",
    "Description": "Soft colours for easy viewing.",
    "FileName": "Softly.tmTheme",
    "Title": "Softly"
  },
  {
	"Title": "Butterfly",
	"FileName": "Butterfly.tmTheme",
	"Author": "Charlotte Weaver",
	"Description": "A light feminine theme with bright colors."
  },
  {
    "Title": "Watermelon",
    "FileName": "Watermelon.tmTheme",
    "Author": "Thomas van der Velde",
    "Description": "Dark Theme with fruity colors"
  }
]
