{"global": {"opened": [{"index": 3, "group": 0, "timestamp": 1510838550, "filename": "D:\\progs\\Tomcat\\webapps\\skavafeed\\WEB-INF\\feed-context.xml"}, {"index": 2, "group": 0, "timestamp": 1510838373, "filename": "D:\\progs\\Tomcat\\conf\\logging.properties"}, {"index": 1, "group": 0, "timestamp": 1510836303, "filename": "D:\\usr\\local\\skava\\server.properties.txt"}, {"index": 3, "group": 0, "timestamp": 1510291694, "filename": "G:\\Learning\\java\\programs\\sample.java"}, {"index": 0, "group": 1, "timestamp": 1509342255, "filename": "C:\\Users\\adhithyakrishna.ks\\AppData\\Roaming\\Sublime Text 3\\Packages\\User\\Preferences.sublime-settings"}], "closed": [{"index": 0, "group": 0, "filename": "D:\\usr\\local\\skava\\server.properties", "timestamp": 1510926393}, {"index": 0, "group": 0, "filename": "G:\\donot delete\\export.txt", "timestamp": 1510926393}, {"index": 0, "group": 0, "filename": "D:\\SkavaGIT\\skavacommerceconfiguration\\tools\\zookeeper-steps.md", "timestamp": 1510926393}, {"index": 0, "group": 0, "filename": "C:\\Users\\adhithyakrishna.ks\\Desktop\\docker-compose-common.yml", "timestamp": 1510926393}, {"index": 0, "group": 0, "filename": "C:\\Users\\adhithyakrishna.ks\\Desktop\\docker-compose-common.yml.txt", "timestamp": 1510926393}, {"index": 0, "group": 0, "filename": "D:\\progs\\Tomcat\\conf\\server.xml", "timestamp": 1510926393}, {"index": 2, "group": 0, "timestamp": 1510828886, "filename": "D:\\SkavaGIT\\skavadbbeans-mvn\\src\\main\\java\\com\\skava\\dao\\UserAnalyticsDAO.java"}, {"index": 3, "group": 0, "timestamp": 1510828885, "filename": "D:\\SkavaGIT\\skavadbbeans-mvn\\src\\main\\java\\com\\skava\\dao\\TagTagAnalyticsDAO.java"}, {"index": 0, "group": 0, "timestamp": 1510828686, "filename": "G:\\Triage\\11\\9.todo"}, {"index": 2, "group": 0, "timestamp": 1510828681, "filename": "D:\\SkavaGIT\\skavaonebuild-mvn\\properties\\pom.xml"}, {"index": 2, "group": 0, "timestamp": 1510828679, "filename": "C:\\Users\\adhithyakrishna.ks\\Downloads\\tweets\\dump\\twitter\\tweets.metadata.json"}, {"index": 5, "group": 0, "timestamp": 1510749910, "filename": "D:\\SkavaGIT\\skavamavenplugin\\pom.xml"}, {"index": 3, "group": 0, "timestamp": 1510735451, "filename": "C:\\Users\\adhithyakrishna.ks\\Downloads\\tweets\\dump\\twitter\\tweets.bson"}, {"index": 1, "group": 0, "timestamp": 1510734868, "filename": "D:\\hadoop-3.0.0-beta1\\etc\\hadoop\\hdfs-site.xml"}, {"index": 2, "group": 0, "timestamp": 1510734867, "filename": "D:\\hadoop-3.0.0-beta1\\etc\\hadoop\\yarn-site.xml"}, {"index": 1, "group": 0, "timestamp": 1510730741, "filename": "D:\\hadoop-3.0.0-beta1\\etc\\hadoop\\mapred-site.xml"}, {"index": 3, "group": 0, "timestamp": 1510730624, "filename": "G:\\work\\2017\\11\\09\\repository.txt"}, {"index": 4, "group": 0, "timestamp": 1510730622, "filename": "C:\\Users\\adhithyakrishna.ks\\Downloads\\Reliance_stage.txt"}, {"index": 5, "group": 0, "timestamp": 1510730621, "filename": "D:\\hadoop-3.0.0-beta1\\etc\\hadoop\\core-site.xml"}, {"index": 6, "group": 0, "timestamp": 1510665026, "filename": "D:\\SkavaGIT\\skavacaptcha-mvn\\src\\main\\java\\com\\skava\\captcha\\SimpleImageAndAudioCaptchaService.java"}, {"index": 1, "group": 0, "timestamp": 1510642917, "filename": "G:\\Learning\\java\\hints.txt"}, {"index": 2, "group": 0, "timestamp": 1510642916, "filename": "G:\\Learning\\java\\programs\\Variables.java"}, {"index": 2, "group": 0, "timestamp": 1510642915, "filename": "G:\\Learning\\java\\programs\\Pupper.java"}, {"index": 4, "group": 0, "timestamp": 1510642914, "filename": "G:\\Learning\\java\\programs\\Trial.java"}, {"index": 5, "group": 0, "timestamp": 1510642914, "filename": "G:\\Learning\\java\\programs\\Static.java"}, {"index": 6, "group": 0, "timestamp": 1510642913, "filename": "G:\\Learning\\java\\programs\\Animal.java"}, {"index": 7, "group": 0, "timestamp": 1510642913, "filename": "G:\\Learning\\java\\Algorithms\\hastables.txt"}, {"index": 8, "group": 0, "timestamp": 1510642908, "filename": "G:\\Learning\\java\\Notes.txt"}, {"index": 4, "group": 0, "timestamp": 1510294545, "filename": "C:\\Users\\adhithyakrishna.ks\\Downloads\\theme-919.xml"}, {"index": 5, "group": 0, "timestamp": 1510294416, "filename": "C:\\Users\\adhithyakrishna.ks\\AppData\\Roaming\\Sublime Text 3\\Packages\\User\\Javatar.sublime-settings"}, {"index": 2, "group": 0, "timestamp": 1510289835, "filename": "D:\\progs\\Apache2.4\\conf\\httpd.conf"}, {"index": 2, "group": 0, "timestamp": 1510289834, "filename": "D:\\progs\\Tomcat\\bin\\setenv.bat"}, {"index": 1, "group": 0, "timestamp": 1510289833, "filename": "D:\\progs\\Tomcat\\RUNNING.txt"}, {"index": 5, "group": 0, "timestamp": 1510230831, "filename": "D:\\progs\\Tomcat\\conf\\context.xml"}, {"index": 1, "group": 0, "timestamp": 1510209203, "filename": "G:\\cases\\AIA-700\\calculation"}, {"index": 1, "group": 0, "timestamp": 1510209195, "filename": "G:\\Triage\\11\\7.todo"}, {"index": 1, "group": 0, "timestamp": 1510058769, "filename": "D:\\SkavaGIT\\skava-whitelabel-responsive\\randomDirectory\\js\\utils\\handlebarhelpers.js"}, {"index": 2, "group": 0, "timestamp": 1510058769, "filename": "D:\\SkavaGIT\\skava-whitelabel-responsive\\randomDirectory\\plugins\\easyCheckoutTab\\handlebars\\easyCheckout_shippingMethod_template.handlebars"}, {"index": 11, "group": 0, "timestamp": 1510058762, "filename": "D:\\progs\\Apache2.4\\htdocs\\skava\\skassets\\studies\\kata\\Translate\\stringperutation.js"}, {"index": 5, "group": 0, "timestamp": 1510053148, "filename": "C:\\Users\\adhithyakrishna.ks\\AppData\\Roaming\\Sublime Text 3\\Local\\Session.sublime_session"}, {"index": 0, "group": 0, "timestamp": 1510032739, "filename": "D:\\SkavaGIT\\skava-whitelabel-responsive\\randomDirectory\\plugins\\productlistTab\\productlistTab_macro.ftl"}, {"index": 0, "group": 0, "timestamp": 1510031474, "filename": "G:\\Triage\\11\\6.todo"}, {"index": 0, "group": 1, "timestamp": 1509976569, "filename": "D:\\SkavaGIT\\skava-whitelabel-responsive\\randomDirectory\\plugins\\myaccountTab\\myaccountTab_macro.ftl"}, {"index": 1, "group": 0, "timestamp": 1509964699, "filename": "C:\\Users\\adhithyakrishna.ks\\AppData\\Roaming\\Sublime Text 3\\Packages\\PlainTasks\\messages\\Tutorial.todo"}, {"index": 0, "group": 1, "timestamp": 1509964436, "filename": "C:\\Users\\adhithyakrishna.ks\\AppData\\Roaming\\Sublime Text 3\\Packages\\User\\Default (Windows).sublime-keymap"}, {"index": 0, "group": 0, "timestamp": 1509964416, "filename": "G:\\cases\\AIA-918\\headerWidgetTab.ftl"}, {"index": 0, "group": 0, "timestamp": 1509964416, "filename": "G:\\cases\\AIA-918\\menuWidget.ftl"}, {"index": 2, "group": 0, "timestamp": 1509954589, "filename": "D:\\SkavaGIT\\skava-whitelabel-responsive\\randomDirectory\\snippets\\proxyMenuWidget\\handlebars\\subcategory_template.handlebars"}, {"index": 2, "group": 0, "timestamp": 1509954339, "filename": "D:\\SkavaGIT\\skava-whitelabel-responsive\\randomDirectory\\snippets\\proxyMenuWidget\\handlebars\\proxyMenuWidget_template.handlebars"}, {"index": 2, "group": 0, "timestamp": 1509953946, "filename": "D:\\SkavaGIT\\skava-whitelabel-responsive\\randomDirectory\\snippets\\menuWidget\\menuWidget.ftl"}, {"index": 2, "group": 0, "timestamp": 1509952416, "filename": "D:\\SkavaGIT\\skava-whitelabel-responsive\\randomDirectory\\handlebars\\proxyPancake_template.handlebars"}, {"index": 1, "group": 0, "timestamp": 1509951767, "filename": "D:\\SkavaGIT\\skava-whitelabel-responsive\\randomDirectory\\snippets\\proxyMenuWidget\\proxyMenuWidget_helper.js"}, {"index": 1, "group": 0, "timestamp": 1509948171, "filename": "D:\\SkavaGIT\\skava-whitelabel-responsive\\randomDirectory\\snippets\\headerWidgetTab\\headerWidgetTab_macro.ftl"}, {"index": 0, "group": 0, "timestamp": 1509948168, "filename": "G:\\Triage\\11\\3.todo"}, {"index": 1, "group": 0, "timestamp": 1509948165, "filename": "C:\\Users\\adhithyakrishna.ks\\Desktop\\getorders.json"}, {"index": 4, "group": 0, "timestamp": 1509947057, "filename": "D:\\SkavaGIT\\skava-whitelabel-responsive\\randomDirectory\\snippets\\proxyHeader\\handlebars\\proxyHeader_template.handlebars"}, {"index": 3, "group": 0, "timestamp": 1509714790, "filename": "D:\\SkavaGIT\\skava-whitelabel-responsive\\randomDirectory\\plugins\\myaccountTab\\handlebars\\orderHistory_templateTab.handlebars"}, {"index": 1, "group": 0, "timestamp": 1509708744, "filename": "D:\\SkavaGIT\\skava-whitelabel-responsive\\randomDirectory\\config\\colors.json"}, {"index": 2, "group": 0, "timestamp": 1509708742, "filename": "D:\\SkavaGIT\\skava-whitelabel-responsive\\randomDirectory\\plugins\\pdpTab\\packageinfo.json"}, {"index": 1, "group": 0, "timestamp": 1509708708, "filename": "G:\\Triage\\11\\sample.todo"}, {"index": 1, "group": 0, "timestamp": 1509706783, "filename": "D:\\SkavaGIT\\toms\\randomDirectory\\plugins\\tomseasyCheckoutTab\\tomseasyCheckoutTab.ftl"}, {"index": 1, "group": 0, "timestamp": 1509705774, "filename": "D:\\SkavaGIT\\toms\\randomDirectory\\plugins\\tomsOpticalProductWidget\\tomsOpticalProductWidget.ftl"}, {"index": 2, "group": 0, "timestamp": 1509705714, "filename": "D:\\SkavaGIT\\skava-whitelabel-responsive\\randomDirectory\\plugins\\easyCheckoutTab\\easyCheckoutTab_macro.ftl"}, {"index": 2, "group": 0, "timestamp": 1509705713, "filename": "D:\\progs\\Apache2.4\\htdocs\\skava\\skassets\\poc\\on off poc\\index.html"}, {"index": 2, "group": 0, "timestamp": 1509705118, "filename": "D:\\SkavaGIT\\skava-whitelabel-responsive\\randomDirectory\\snippets\\shoppingBagTab\\handlebars\\shoppingbag_template.handlebars"}, {"index": 2, "group": 0, "timestamp": 1509705116, "filename": "G:\\cases\\AIA-931\\comment"}, {"index": 5, "group": 0, "timestamp": 1509699254, "filename": "D:\\SkavaGIT\\toms\\randomDirectory\\plugins\\BasicImage\\BasicImage.ftl"}, {"index": 4, "group": 0, "timestamp": 1509698956, "filename": "D:\\SkavaGIT\\skava-whitelabel-responsive\\randomDirectory\\handlebars\\shoppingbagHeader_template.handlebars"}, {"index": 2, "group": 0, "timestamp": 1509698395, "filename": "D:\\SkavaGIT\\skava-whitelabel-responsive\\randomDirectory\\js\\minicart.js"}, {"index": 0, "group": 0, "timestamp": 1509689645, "filename": "D:\\SkavaGIT\\skava-whitelabel-responsive\\randomDirectory\\snippets\\menuWidget\\menuWidget.js"}, {"index": 0, "group": 0, "timestamp": 1509689645, "filename": "D:\\SkavaGIT\\skava-whitelabel-responsive\\randomDirectory\\snippets\\footerWidget\\footerWidget.ftl"}, {"index": 1, "group": 0, "timestamp": 1509689644, "filename": "G:\\cases\\AIA\\index.html"}, {"index": 7, "group": 0, "timestamp": 1509689315, "filename": "D:\\SkavaGIT\\skava-whitelabel-responsive\\randomDirectory\\snippets\\menuWidget\\handlebars\\additionalSupport_template.handlebars"}, {"index": 7, "group": 0, "timestamp": 1509689314, "filename": "D:\\SkavaGIT\\skava-whitelabel-responsive\\randomDirectory\\js\\customization\\skavastore_customization.js"}, {"index": 0, "group": 0, "timestamp": 1509684743, "filename": "D:\\SkavaGIT\\skava-whitelabel-responsive\\randomDirectory\\plugins\\myaccountTab\\myaccountTab.js"}, {"index": 3, "group": 0, "timestamp": 1509684741, "filename": "G:\\Triage\\11\\2.todo"}]}, "C:\\Users\\adhithyakrishna.ks\\Desktop\\Aimia\\aimia.sublime-project": {"opened": [{"index": 3, "group": 0, "timestamp": 1510838550, "filename": "D:\\progs\\Tomcat\\webapps\\skavafeed\\WEB-INF\\feed-context.xml"}, {"index": 2, "group": 0, "timestamp": 1510838373, "filename": "D:\\progs\\Tomcat\\conf\\logging.properties"}, {"index": 1, "group": 0, "timestamp": 1510836303, "filename": "D:\\usr\\local\\skava\\server.properties.txt"}], "closed": [{"index": 0, "group": 0, "filename": "D:\\usr\\local\\skava\\server.properties", "timestamp": 1510926393}, {"index": 0, "group": 0, "filename": "G:\\donot delete\\export.txt", "timestamp": 1510926393}, {"index": 0, "group": 0, "filename": "D:\\SkavaGIT\\skavacommerceconfiguration\\tools\\zookeeper-steps.md", "timestamp": 1510926393}, {"index": 0, "group": 0, "filename": "C:\\Users\\adhithyakrishna.ks\\Desktop\\docker-compose-common.yml", "timestamp": 1510926393}, {"index": 0, "group": 0, "filename": "C:\\Users\\adhithyakrishna.ks\\Desktop\\docker-compose-common.yml.txt", "timestamp": 1510926393}, {"index": 0, "group": 0, "filename": "D:\\progs\\Tomcat\\conf\\server.xml", "timestamp": 1510926393}, {"index": 2, "group": 0, "timestamp": 1510828886, "filename": "D:\\SkavaGIT\\skavadbbeans-mvn\\src\\main\\java\\com\\skava\\dao\\UserAnalyticsDAO.java"}, {"index": 3, "group": 0, "timestamp": 1510828885, "filename": "D:\\SkavaGIT\\skavadbbeans-mvn\\src\\main\\java\\com\\skava\\dao\\TagTagAnalyticsDAO.java"}, {"index": 0, "group": 0, "timestamp": 1509964416, "filename": "G:\\cases\\AIA-918\\headerWidgetTab.ftl"}, {"index": 0, "group": 0, "timestamp": 1509964416, "filename": "G:\\cases\\AIA-918\\menuWidget.ftl"}, {"index": 0, "group": 0, "timestamp": 1509964212, "filename": "G:\\Triage\\11\\6.todo"}, {"index": 2, "group": 0, "timestamp": 1509954589, "filename": "D:\\SkavaGIT\\skava-whitelabel-responsive\\randomDirectory\\snippets\\proxyMenuWidget\\handlebars\\subcategory_template.handlebars"}, {"index": 2, "group": 0, "timestamp": 1509954339, "filename": "D:\\SkavaGIT\\skava-whitelabel-responsive\\randomDirectory\\snippets\\proxyMenuWidget\\handlebars\\proxyMenuWidget_template.handlebars"}, {"index": 2, "group": 0, "timestamp": 1509953946, "filename": "D:\\SkavaGIT\\skava-whitelabel-responsive\\randomDirectory\\snippets\\menuWidget\\menuWidget.ftl"}, {"index": 2, "group": 0, "timestamp": 1509952416, "filename": "D:\\SkavaGIT\\skava-whitelabel-responsive\\randomDirectory\\handlebars\\proxyPancake_template.handlebars"}, {"index": 1, "group": 0, "timestamp": 1509951767, "filename": "D:\\SkavaGIT\\skava-whitelabel-responsive\\randomDirectory\\snippets\\proxyMenuWidget\\proxyMenuWidget_helper.js"}, {"index": 1, "group": 0, "timestamp": 1509948171, "filename": "D:\\SkavaGIT\\skava-whitelabel-responsive\\randomDirectory\\snippets\\headerWidgetTab\\headerWidgetTab_macro.ftl"}, {"index": 0, "group": 0, "timestamp": 1509948168, "filename": "G:\\Triage\\11\\3.todo"}, {"index": 1, "group": 0, "timestamp": 1509948165, "filename": "C:\\Users\\adhithyakrishna.ks\\Desktop\\getorders.json"}, {"index": 4, "group": 0, "timestamp": 1509947057, "filename": "D:\\SkavaGIT\\skava-whitelabel-responsive\\randomDirectory\\snippets\\proxyHeader\\handlebars\\proxyHeader_template.handlebars"}, {"index": 3, "group": 0, "timestamp": 1509714790, "filename": "D:\\SkavaGIT\\skava-whitelabel-responsive\\randomDirectory\\plugins\\myaccountTab\\handlebars\\orderHistory_templateTab.handlebars"}, {"index": 1, "group": 0, "timestamp": 1509708744, "filename": "D:\\SkavaGIT\\skava-whitelabel-responsive\\randomDirectory\\config\\colors.json"}, {"index": 2, "group": 0, "timestamp": 1509708742, "filename": "D:\\SkavaGIT\\skava-whitelabel-responsive\\randomDirectory\\plugins\\pdpTab\\packageinfo.json"}, {"index": 1, "group": 0, "timestamp": 1509708708, "filename": "G:\\Triage\\11\\sample.todo"}, {"index": 1, "group": 0, "timestamp": 1509706783, "filename": "D:\\SkavaGIT\\toms\\randomDirectory\\plugins\\tomseasyCheckoutTab\\tomseasyCheckoutTab.ftl"}, {"index": 1, "group": 0, "timestamp": 1509705774, "filename": "D:\\SkavaGIT\\toms\\randomDirectory\\plugins\\tomsOpticalProductWidget\\tomsOpticalProductWidget.ftl"}, {"index": 2, "group": 0, "timestamp": 1509705714, "filename": "D:\\SkavaGIT\\skava-whitelabel-responsive\\randomDirectory\\plugins\\easyCheckoutTab\\easyCheckoutTab_macro.ftl"}, {"index": 2, "group": 0, "timestamp": 1509705713, "filename": "D:\\progs\\Apache2.4\\htdocs\\skava\\skassets\\poc\\on off poc\\index.html"}, {"index": 2, "group": 0, "timestamp": 1509705118, "filename": "D:\\SkavaGIT\\skava-whitelabel-responsive\\randomDirectory\\snippets\\shoppingBagTab\\handlebars\\shoppingbag_template.handlebars"}, {"index": 2, "group": 0, "timestamp": 1509705116, "filename": "G:\\cases\\AIA-931\\comment"}, {"index": 5, "group": 0, "timestamp": 1509699254, "filename": "D:\\SkavaGIT\\toms\\randomDirectory\\plugins\\BasicImage\\BasicImage.ftl"}, {"index": 4, "group": 0, "timestamp": 1509698956, "filename": "D:\\SkavaGIT\\skava-whitelabel-responsive\\randomDirectory\\handlebars\\shoppingbagHeader_template.handlebars"}, {"index": 2, "group": 0, "timestamp": 1509698395, "filename": "D:\\SkavaGIT\\skava-whitelabel-responsive\\randomDirectory\\js\\minicart.js"}, {"index": 8, "group": 0, "timestamp": 1509698356, "filename": "D:\\SkavaGIT\\skava-whitelabel-responsive\\randomDirectory\\plugins\\myaccountTab\\myaccountTab_macro.ftl"}, {"index": 0, "group": 0, "timestamp": 1509689645, "filename": "D:\\SkavaGIT\\skava-whitelabel-responsive\\randomDirectory\\snippets\\menuWidget\\menuWidget.js"}, {"index": 0, "group": 0, "timestamp": 1509689645, "filename": "D:\\SkavaGIT\\skava-whitelabel-responsive\\randomDirectory\\snippets\\footerWidget\\footerWidget.ftl"}, {"index": 1, "group": 0, "timestamp": 1509689644, "filename": "G:\\cases\\AIA\\index.html"}]}}