{"global": {"opened": [{"index": 2, "filename": "E:\\Backup\\studies\\js\\longestpalindrome2.js", "timestamp": 1511185574, "group": 0}, {"index": 1, "filename": "D:\\SkavaGIT\\skavaapitoken-mvn\\src\\main\\java\\com\\skava\\apitoken\\APITokenRequestorUtil.java", "timestamp": 1511179540, "group": 0}, {"index": 2, "filename": "E:\\Backup\\studies\\lcs\\lcs pseudo.js", "timestamp": 1511175768, "group": 0}, {"index": 2, "filename": "E:\\Backup\\studies\\lcs\\lcs-try.js", "timestamp": 1511175544, "group": 0}, {"index": 0, "filename": "E:\\Backup\\studies\\n queens\\nqueens.js", "timestamp": 1511175019, "group": 0}, {"index": 3, "filename": "G:\\Learning\\java\\programs\\sample.java", "timestamp": 1510291694, "group": 0}, {"index": 0, "filename": "C:\\Users\\adhithyakrishna.ks\\AppData\\Roaming\\Sublime Text 3\\Packages\\User\\Preferences.sublime-settings", "timestamp": 1509342255, "group": 1}], "closed": [{"index": 3, "filename": "E:\\Backup\\studies\\lcs\\lcs.js", "timestamp": 1511178364, "group": 0}, {"index": 2, "filename": "E:\\Backup\\studies\\lcs\\lcsattempt.js", "timestamp": 1511175539, "group": 0}, {"index": 0, "filename": "E:\\Backup\\studies\\promise\\es6Syntax.js", "timestamp": 1511175013, "group": 0}, {"index": 0, "filename": "D:\\SkavaGIT\\skavadbbeans-mvn\\src\\main\\java\\com\\skava\\dao\\SegmentationConfigDAO.java", "timestamp": 1511175006, "group": 0}, {"index": 0, "filename": "D:\\progs\\solr-5.5.0\\example\\exampledocs\\money.xml", "timestamp": 1511175006, "group": 0}, {"index": 1, "filename": "D:\\SkavaGIT\\skavadbbeans-mvn\\src\\main\\java\\com\\skava\\dao\\LoyaltyUsersDAO.java", "timestamp": 1511175005, "group": 0}, {"index": 2, "filename": "D:\\SkavaGIT\\skavadbbeans-mvn\\src\\main\\java\\com\\skava\\dao\\ViewMDAO.java", "timestamp": 1511175005, "group": 0}, {"index": 3, "filename": "D:\\SkavaGIT\\skavadbbeans-mvn\\src\\main\\java\\com\\skava\\dao\\TagTagAnalyticsDAO.java", "timestamp": 1511175005, "group": 0}, {"index": 4, "filename": "D:\\SkavaGIT\\skavadbbeans-mvn\\src\\main\\java\\com\\skava\\dao\\TagTagAnalyticsMDAO.java", "timestamp": 1511175004, "group": 0}, {"index": 5, "filename": "\\\\192.168.233.11\\backup2\\prem\\aimia\\useranalytics\\smaple_feedconfig.txt", "timestamp": 1511175004, "group": 0}, {"index": 6, "filename": "\\\\192.168.233.11\\backup2\\prem\\aimia\\useranalytics\\UserAnalyticsReportGenerator.java", "timestamp": 1511175004, "group": 0}, {"index": 7, "filename": "D:\\SkavaGIT\\mcadmin\\build\\temp\\tempsrc\\net\\skava\\bean\\UserIdentityV2.java", "timestamp": 1511175003, "group": 0}, {"index": 8, "filename": "E:\\Backup\\studies\\promise\\promise1.js", "timestamp": 1511175003, "group": 0}, {"index": 1, "filename": "D:\\SkavaGIT\\skavadbbeans-mvn\\src\\main\\java\\com\\skava\\dbbeans\\Feed.java", "timestamp": 1511175000, "group": 0}, {"index": 0, "filename": "E:\\Backup\\poc\\grunt preCompiler\\Gruntfile.js", "timestamp": 1511174243, "group": 0}, {"index": 5, "filename": "D:\\SkavaGIT\\skavadbbeans-mvn\\src\\test\\java\\com\\skava\\dbbeans\\StreamListItemTest.java", "timestamp": 1511170750, "group": 0}, {"index": 1, "filename": "D:\\progs\\solr-5.5.0\\example\\exampledocs\\books.json", "timestamp": 1511164466, "group": 0}, {"index": 0, "timestamp": 1511163748, "filename": "D:\\progs\\Apache2.4\\htdocs\\skava\\skassets\\WCAG\\index.html", "group": 0}, {"index": 0, "filename": "D:\\progs\\Apache2.4\\htdocs\\skava\\skassets\\index.html", "timestamp": 1511163355, "group": 0}, {"index": 1, "filename": "D:\\progs\\Apache2.4\\htdocs\\skava\\skassets\\studies\\kata\\Competitive\\vowels.js", "timestamp": 1511163349, "group": 0}, {"index": 2, "filename": "D:\\progs\\Apache2.4\\htdocs\\skava\\skassets\\studies\\kata\\Competitive\\10minwalk.js", "timestamp": 1511163348, "group": 0}, {"index": 3, "filename": "D:\\progs\\Apache2.4\\htdocs\\skava\\skassets\\studies\\sort\\quick sort\\quicksort.js", "timestamp": 1511163348, "group": 0}, {"index": 4, "filename": "D:\\progs\\Apache2.4\\htdocs\\skava\\skassets\\studies\\sort\\selection\\selectionsort.js", "timestamp": 1511163348, "group": 0}, {"index": 5, "filename": "D:\\progs\\Apache2.4\\htdocs\\skava\\skassets\\studies\\singly linked list\\singlyll.js", "timestamp": 1511163348, "group": 0}, {"index": 6, "filename": "D:\\progs\\Apache2.4\\htdocs\\skava\\skassets\\studies\\singly linked list\\ll.js", "timestamp": 1511163348, "group": 0}, {"index": 7, "filename": "D:\\progs\\Apache2.4\\htdocs\\skava\\skassets\\studies\\n queens\\nqueens.js", "timestamp": 1511163347, "group": 0}, {"index": 8, "filename": "D:\\progs\\Apache2.4\\htdocs\\skava\\skassets\\studies\\ds\\array.js", "timestamp": 1511163347, "group": 0}, {"index": 1, "filename": "D:\\progs\\Apache2.4\\htdocs\\skava\\skassets\\studies\\kata\\Competitive\\Xbonacci.js", "timestamp": 1511163342, "group": 0}, {"index": 1, "filename": "D:\\progs\\Apache2.4\\htdocs\\skava\\skassets\\studies\\kata\\Competitive\\xor.js", "timestamp": 1511163278, "group": 0}, {"index": 10, "filename": "D:\\progs\\Apache2.4\\htdocs\\skava\\skassets\\studies\\ds\\index.html", "timestamp": 1511162796, "group": 0}, {"index": 0, "filename": "D:\\usr\\local\\skava\\server.properties.txt", "timestamp": 1511162794, "group": 0}, {"index": 8, "filename": "D:\\progs\\Apache2.4\\htdocs\\skava\\skassets\\studies\\sitemap\\link.txt", "timestamp": 1511162757, "group": 0}, {"index": 6, "filename": "D:\\progs\\Apache2.4\\htdocs\\skava\\skassets\\studies\\sort\\quick sort\\try.js", "timestamp": 1511162719, "group": 0}, {"index": 6, "filename": "D:\\progs\\Apache2.4\\htdocs\\skava\\skassets\\studies\\sort\\bubble\\bubble.js", "timestamp": 1511162713, "group": 0}, {"index": 7, "filename": "D:\\progs\\Apache2.4\\htdocs\\skava\\skassets\\studies\\sort\\insertion sort\\insertion.js", "timestamp": 1511162711, "group": 0}, {"index": 2, "filename": "D:\\progs\\Apache2.4\\htdocs\\skava\\skassets\\studies\\js\\heap.js", "timestamp": 1511162002, "group": 0}, {"index": 3, "filename": "D:\\progs\\Apache2.4\\htdocs\\skava\\skassets\\studies\\kata\\Competitive\\summation.js", "timestamp": 1511162001, "group": 0}, {"index": 3, "filename": "D:\\progs\\Apache2.4\\htdocs\\skava\\skassets\\studies\\kata\\Competitive\\reverseit.js", "timestamp": 1511162001, "group": 0}, {"index": 3, "filename": "D:\\progs\\Apache2.4\\htdocs\\skava\\skassets\\studies\\kata\\Competitive\\additive inverse.js", "timestamp": 1511162001, "group": 0}, {"index": 3, "filename": "D:\\progs\\Apache2.4\\htdocs\\skava\\skassets\\studies\\kata\\Competitive\\13divis.js", "timestamp": 1511162000, "group": 0}, {"index": 2, "filename": "D:\\progs\\Apache2.4\\htdocs\\skava\\skassets\\studies\\es6\\unique.js", "timestamp": 1511161999, "group": 0}, {"index": 2, "filename": "D:\\progs\\Apache2.4\\htdocs\\skava\\skassets\\studies\\dfs\\dfs.js", "timestamp": 1511161999, "group": 0}, {"index": 2, "filename": "C:\\Users\\adhithyakrishna.ks\\Desktop\\docker-compose-common.yml", "timestamp": 1511161998, "group": 0}, {"index": 2, "filename": "C:\\Users\\adhithyakrishna.ks\\Desktop\\docker-compose-common.yml.txt", "timestamp": 1511161994, "group": 0}, {"index": 1, "filename": "D:\\progs\\Tomcat\\webapps\\skavafeed\\WEB-INF\\feed-context.xml", "timestamp": 1511161979, "group": 0}, {"index": 1, "filename": "D:\\progs\\Tomcat\\conf\\logging.properties", "timestamp": 1511161973, "group": 0}, {"index": 0, "filename": "D:\\progs\\Tomcat\\index.txt", "timestamp": 1511161951, "group": 0}, {"index": 0, "filename": "D:\\usr\\local\\skava\\server.properties", "timestamp": 1510926393, "group": 0}, {"index": 0, "filename": "G:\\donot delete\\export.txt", "timestamp": 1510926393, "group": 0}, {"index": 0, "filename": "D:\\SkavaGIT\\skavacommerceconfiguration\\tools\\zookeeper-steps.md", "timestamp": 1510926393, "group": 0}, {"index": 0, "filename": "D:\\progs\\Tomcat\\conf\\server.xml", "timestamp": 1510926393, "group": 0}, {"index": 2, "filename": "D:\\SkavaGIT\\skavadbbeans-mvn\\src\\main\\java\\com\\skava\\dao\\UserAnalyticsDAO.java", "timestamp": 1510828886, "group": 0}, {"index": 0, "filename": "G:\\Triage\\11\\9.todo", "timestamp": 1510828686, "group": 0}, {"index": 2, "filename": "D:\\SkavaGIT\\skavaonebuild-mvn\\properties\\pom.xml", "timestamp": 1510828681, "group": 0}, {"index": 2, "filename": "C:\\Users\\adhithyakrishna.ks\\Downloads\\tweets\\dump\\twitter\\tweets.metadata.json", "timestamp": 1510828679, "group": 0}, {"index": 5, "filename": "D:\\SkavaGIT\\skavamavenplugin\\pom.xml", "timestamp": 1510749910, "group": 0}, {"index": 3, "filename": "C:\\Users\\adhithyakrishna.ks\\Downloads\\tweets\\dump\\twitter\\tweets.bson", "timestamp": 1510735451, "group": 0}, {"index": 1, "filename": "D:\\hadoop-3.0.0-beta1\\etc\\hadoop\\hdfs-site.xml", "timestamp": 1510734868, "group": 0}, {"index": 2, "filename": "D:\\hadoop-3.0.0-beta1\\etc\\hadoop\\yarn-site.xml", "timestamp": 1510734867, "group": 0}, {"index": 1, "filename": "D:\\hadoop-3.0.0-beta1\\etc\\hadoop\\mapred-site.xml", "timestamp": 1510730741, "group": 0}, {"index": 3, "filename": "G:\\work\\2017\\11\\09\\repository.txt", "timestamp": 1510730624, "group": 0}, {"index": 4, "filename": "C:\\Users\\adhithyakrishna.ks\\Downloads\\Reliance_stage.txt", "timestamp": 1510730622, "group": 0}, {"index": 5, "filename": "D:\\hadoop-3.0.0-beta1\\etc\\hadoop\\core-site.xml", "timestamp": 1510730621, "group": 0}, {"index": 6, "filename": "D:\\SkavaGIT\\skavacaptcha-mvn\\src\\main\\java\\com\\skava\\captcha\\SimpleImageAndAudioCaptchaService.java", "timestamp": 1510665026, "group": 0}, {"index": 1, "filename": "G:\\Learning\\java\\hints.txt", "timestamp": 1510642917, "group": 0}, {"index": 2, "filename": "G:\\Learning\\java\\programs\\Variables.java", "timestamp": 1510642916, "group": 0}, {"index": 2, "filename": "G:\\Learning\\java\\programs\\Pupper.java", "timestamp": 1510642915, "group": 0}, {"index": 4, "filename": "G:\\Learning\\java\\programs\\Trial.java", "timestamp": 1510642914, "group": 0}, {"index": 5, "filename": "G:\\Learning\\java\\programs\\Static.java", "timestamp": 1510642914, "group": 0}, {"index": 6, "filename": "G:\\Learning\\java\\programs\\Animal.java", "timestamp": 1510642913, "group": 0}, {"index": 7, "filename": "G:\\Learning\\java\\Algorithms\\hastables.txt", "timestamp": 1510642913, "group": 0}, {"index": 8, "filename": "G:\\Learning\\java\\Notes.txt", "timestamp": 1510642908, "group": 0}, {"index": 4, "filename": "C:\\Users\\adhithyakrishna.ks\\Downloads\\theme-919.xml", "timestamp": 1510294545, "group": 0}, {"index": 5, "filename": "C:\\Users\\adhithyakrishna.ks\\AppData\\Roaming\\Sublime Text 3\\Packages\\User\\Javatar.sublime-settings", "timestamp": 1510294416, "group": 0}, {"index": 2, "filename": "D:\\progs\\Apache2.4\\conf\\httpd.conf", "timestamp": 1510289835, "group": 0}, {"index": 2, "filename": "D:\\progs\\Tomcat\\bin\\setenv.bat", "timestamp": 1510289834, "group": 0}, {"index": 1, "filename": "D:\\progs\\Tomcat\\RUNNING.txt", "timestamp": 1510289833, "group": 0}, {"index": 5, "filename": "D:\\progs\\Tomcat\\conf\\context.xml", "timestamp": 1510230831, "group": 0}, {"index": 1, "filename": "G:\\cases\\AIA-700\\calculation", "timestamp": 1510209203, "group": 0}, {"index": 1, "filename": "G:\\Triage\\11\\7.todo", "timestamp": 1510209195, "group": 0}, {"index": 1, "filename": "D:\\SkavaGIT\\skava-whitelabel-responsive\\randomDirectory\\js\\utils\\handlebarhelpers.js", "timestamp": 1510058769, "group": 0}, {"index": 2, "filename": "D:\\SkavaGIT\\skava-whitelabel-responsive\\randomDirectory\\plugins\\easyCheckoutTab\\handlebars\\easyCheckout_shippingMethod_template.handlebars", "timestamp": 1510058769, "group": 0}, {"index": 11, "filename": "D:\\progs\\Apache2.4\\htdocs\\skava\\skassets\\studies\\kata\\Translate\\stringperutation.js", "timestamp": 1510058762, "group": 0}, {"index": 5, "filename": "C:\\Users\\adhithyakrishna.ks\\AppData\\Roaming\\Sublime Text 3\\Local\\Session.sublime_session", "timestamp": 1510053148, "group": 0}, {"index": 0, "filename": "D:\\SkavaGIT\\skava-whitelabel-responsive\\randomDirectory\\plugins\\productlistTab\\productlistTab_macro.ftl", "timestamp": 1510032739, "group": 0}, {"index": 0, "filename": "G:\\Triage\\11\\6.todo", "timestamp": 1510031474, "group": 0}, {"index": 0, "filename": "D:\\SkavaGIT\\skava-whitelabel-responsive\\randomDirectory\\plugins\\myaccountTab\\myaccountTab_macro.ftl", "timestamp": 1509976569, "group": 1}, {"index": 1, "filename": "C:\\Users\\adhithyakrishna.ks\\AppData\\Roaming\\Sublime Text 3\\Packages\\PlainTasks\\messages\\Tutorial.todo", "timestamp": 1509964699, "group": 0}, {"index": 0, "filename": "C:\\Users\\adhithyakrishna.ks\\AppData\\Roaming\\Sublime Text 3\\Packages\\User\\Default (Windows).sublime-keymap", "timestamp": 1509964436, "group": 1}, {"index": 0, "filename": "G:\\cases\\AIA-918\\headerWidgetTab.ftl", "timestamp": 1509964416, "group": 0}, {"index": 0, "filename": "G:\\cases\\AIA-918\\menuWidget.ftl", "timestamp": 1509964416, "group": 0}, {"index": 2, "filename": "D:\\SkavaGIT\\skava-whitelabel-responsive\\randomDirectory\\snippets\\proxyMenuWidget\\handlebars\\subcategory_template.handlebars", "timestamp": 1509954589, "group": 0}, {"index": 2, "filename": "D:\\SkavaGIT\\skava-whitelabel-responsive\\randomDirectory\\snippets\\proxyMenuWidget\\handlebars\\proxyMenuWidget_template.handlebars", "timestamp": 1509954339, "group": 0}, {"index": 2, "filename": "D:\\SkavaGIT\\skava-whitelabel-responsive\\randomDirectory\\snippets\\menuWidget\\menuWidget.ftl", "timestamp": 1509953946, "group": 0}, {"index": 2, "filename": "D:\\SkavaGIT\\skava-whitelabel-responsive\\randomDirectory\\handlebars\\proxyPancake_template.handlebars", "timestamp": 1509952416, "group": 0}, {"index": 1, "filename": "D:\\SkavaGIT\\skava-whitelabel-responsive\\randomDirectory\\snippets\\proxyMenuWidget\\proxyMenuWidget_helper.js", "timestamp": 1509951767, "group": 0}, {"index": 1, "filename": "D:\\SkavaGIT\\skava-whitelabel-responsive\\randomDirectory\\snippets\\headerWidgetTab\\headerWidgetTab_macro.ftl", "timestamp": 1509948171, "group": 0}, {"index": 0, "filename": "G:\\Triage\\11\\3.todo", "timestamp": 1509948168, "group": 0}, {"index": 1, "filename": "C:\\Users\\adhithyakrishna.ks\\Desktop\\getorders.json", "timestamp": 1509948165, "group": 0}, {"index": 4, "filename": "D:\\SkavaGIT\\skava-whitelabel-responsive\\randomDirectory\\snippets\\proxyHeader\\handlebars\\proxyHeader_template.handlebars", "timestamp": 1509947057, "group": 0}]}, "C:\\Users\\adhithyakrishna.ks\\Desktop\\Aimia\\aimia.sublime-project": {"opened": [{"index": 2, "filename": "E:\\Backup\\studies\\js\\longestpalindrome2.js", "timestamp": 1511185574, "group": 0}, {"index": 1, "filename": "D:\\SkavaGIT\\skavaapitoken-mvn\\src\\main\\java\\com\\skava\\apitoken\\APITokenRequestorUtil.java", "timestamp": 1511179540, "group": 0}, {"index": 2, "filename": "E:\\Backup\\studies\\lcs\\lcs pseudo.js", "timestamp": 1511175768, "group": 0}, {"index": 2, "filename": "E:\\Backup\\studies\\lcs\\lcs-try.js", "timestamp": 1511175544, "group": 0}, {"index": 0, "filename": "E:\\Backup\\studies\\n queens\\nqueens.js", "timestamp": 1511175019, "group": 0}], "closed": [{"index": 3, "filename": "E:\\Backup\\studies\\lcs\\lcs.js", "timestamp": 1511178364, "group": 0}, {"index": 2, "filename": "E:\\Backup\\studies\\lcs\\lcsattempt.js", "timestamp": 1511175539, "group": 0}, {"index": 0, "filename": "E:\\Backup\\studies\\promise\\es6Syntax.js", "timestamp": 1511175013, "group": 0}, {"index": 0, "filename": "D:\\SkavaGIT\\skavadbbeans-mvn\\src\\main\\java\\com\\skava\\dao\\SegmentationConfigDAO.java", "timestamp": 1511175006, "group": 0}, {"index": 0, "filename": "D:\\progs\\solr-5.5.0\\example\\exampledocs\\money.xml", "timestamp": 1511175006, "group": 0}, {"index": 1, "filename": "D:\\SkavaGIT\\skavadbbeans-mvn\\src\\main\\java\\com\\skava\\dao\\LoyaltyUsersDAO.java", "timestamp": 1511175005, "group": 0}, {"index": 2, "filename": "D:\\SkavaGIT\\skavadbbeans-mvn\\src\\main\\java\\com\\skava\\dao\\ViewMDAO.java", "timestamp": 1511175005, "group": 0}, {"index": 3, "filename": "D:\\SkavaGIT\\skavadbbeans-mvn\\src\\main\\java\\com\\skava\\dao\\TagTagAnalyticsDAO.java", "timestamp": 1511175005, "group": 0}, {"index": 4, "filename": "D:\\SkavaGIT\\skavadbbeans-mvn\\src\\main\\java\\com\\skava\\dao\\TagTagAnalyticsMDAO.java", "timestamp": 1511175004, "group": 0}, {"index": 5, "filename": "\\\\192.168.233.11\\backup2\\prem\\aimia\\useranalytics\\smaple_feedconfig.txt", "timestamp": 1511175004, "group": 0}, {"index": 6, "filename": "\\\\192.168.233.11\\backup2\\prem\\aimia\\useranalytics\\UserAnalyticsReportGenerator.java", "timestamp": 1511175004, "group": 0}, {"index": 7, "filename": "D:\\SkavaGIT\\mcadmin\\build\\temp\\tempsrc\\net\\skava\\bean\\UserIdentityV2.java", "timestamp": 1511175003, "group": 0}, {"index": 8, "filename": "E:\\Backup\\studies\\promise\\promise1.js", "timestamp": 1511175003, "group": 0}, {"index": 1, "filename": "D:\\SkavaGIT\\skavadbbeans-mvn\\src\\main\\java\\com\\skava\\dbbeans\\Feed.java", "timestamp": 1511175000, "group": 0}, {"index": 0, "filename": "E:\\Backup\\poc\\grunt preCompiler\\Gruntfile.js", "timestamp": 1511174243, "group": 0}, {"index": 5, "filename": "D:\\SkavaGIT\\skavadbbeans-mvn\\src\\test\\java\\com\\skava\\dbbeans\\StreamListItemTest.java", "timestamp": 1511170750, "group": 0}, {"index": 1, "filename": "D:\\progs\\solr-5.5.0\\example\\exampledocs\\books.json", "timestamp": 1511164466, "group": 0}, {"index": 0, "timestamp": 1511163748, "filename": "D:\\progs\\Apache2.4\\htdocs\\skava\\skassets\\WCAG\\index.html", "group": 0}, {"index": 0, "filename": "D:\\progs\\Apache2.4\\htdocs\\skava\\skassets\\index.html", "timestamp": 1511163355, "group": 0}, {"index": 1, "filename": "D:\\progs\\Apache2.4\\htdocs\\skava\\skassets\\studies\\kata\\Competitive\\vowels.js", "timestamp": 1511163349, "group": 0}, {"index": 2, "filename": "D:\\progs\\Apache2.4\\htdocs\\skava\\skassets\\studies\\kata\\Competitive\\10minwalk.js", "timestamp": 1511163348, "group": 0}, {"index": 3, "filename": "D:\\progs\\Apache2.4\\htdocs\\skava\\skassets\\studies\\sort\\quick sort\\quicksort.js", "timestamp": 1511163348, "group": 0}, {"index": 4, "filename": "D:\\progs\\Apache2.4\\htdocs\\skava\\skassets\\studies\\sort\\selection\\selectionsort.js", "timestamp": 1511163348, "group": 0}, {"index": 5, "filename": "D:\\progs\\Apache2.4\\htdocs\\skava\\skassets\\studies\\singly linked list\\singlyll.js", "timestamp": 1511163348, "group": 0}, {"index": 6, "filename": "D:\\progs\\Apache2.4\\htdocs\\skava\\skassets\\studies\\singly linked list\\ll.js", "timestamp": 1511163348, "group": 0}, {"index": 7, "filename": "D:\\progs\\Apache2.4\\htdocs\\skava\\skassets\\studies\\n queens\\nqueens.js", "timestamp": 1511163347, "group": 0}, {"index": 8, "filename": "D:\\progs\\Apache2.4\\htdocs\\skava\\skassets\\studies\\ds\\array.js", "timestamp": 1511163347, "group": 0}, {"index": 1, "filename": "D:\\progs\\Apache2.4\\htdocs\\skava\\skassets\\studies\\kata\\Competitive\\Xbonacci.js", "timestamp": 1511163342, "group": 0}, {"index": 1, "filename": "D:\\progs\\Apache2.4\\htdocs\\skava\\skassets\\studies\\kata\\Competitive\\xor.js", "timestamp": 1511163278, "group": 0}, {"index": 10, "filename": "D:\\progs\\Apache2.4\\htdocs\\skava\\skassets\\studies\\ds\\index.html", "timestamp": 1511162796, "group": 0}, {"index": 0, "filename": "D:\\usr\\local\\skava\\server.properties.txt", "timestamp": 1511162794, "group": 0}, {"index": 8, "filename": "D:\\progs\\Apache2.4\\htdocs\\skava\\skassets\\studies\\sitemap\\link.txt", "timestamp": 1511162757, "group": 0}, {"index": 6, "filename": "D:\\progs\\Apache2.4\\htdocs\\skava\\skassets\\studies\\sort\\quick sort\\try.js", "timestamp": 1511162719, "group": 0}, {"index": 6, "filename": "D:\\progs\\Apache2.4\\htdocs\\skava\\skassets\\studies\\sort\\bubble\\bubble.js", "timestamp": 1511162713, "group": 0}, {"index": 7, "filename": "D:\\progs\\Apache2.4\\htdocs\\skava\\skassets\\studies\\sort\\insertion sort\\insertion.js", "timestamp": 1511162711, "group": 0}, {"index": 2, "filename": "D:\\progs\\Apache2.4\\htdocs\\skava\\skassets\\studies\\js\\heap.js", "timestamp": 1511162002, "group": 0}, {"index": 3, "filename": "D:\\progs\\Apache2.4\\htdocs\\skava\\skassets\\studies\\kata\\Competitive\\summation.js", "timestamp": 1511162001, "group": 0}, {"index": 3, "filename": "D:\\progs\\Apache2.4\\htdocs\\skava\\skassets\\studies\\kata\\Competitive\\reverseit.js", "timestamp": 1511162001, "group": 0}, {"index": 3, "filename": "D:\\progs\\Apache2.4\\htdocs\\skava\\skassets\\studies\\kata\\Competitive\\additive inverse.js", "timestamp": 1511162001, "group": 0}, {"index": 3, "filename": "D:\\progs\\Apache2.4\\htdocs\\skava\\skassets\\studies\\kata\\Competitive\\13divis.js", "timestamp": 1511162000, "group": 0}, {"index": 2, "filename": "D:\\progs\\Apache2.4\\htdocs\\skava\\skassets\\studies\\es6\\unique.js", "timestamp": 1511161999, "group": 0}, {"index": 2, "filename": "D:\\progs\\Apache2.4\\htdocs\\skava\\skassets\\studies\\dfs\\dfs.js", "timestamp": 1511161999, "group": 0}, {"index": 2, "filename": "C:\\Users\\adhithyakrishna.ks\\Desktop\\docker-compose-common.yml", "timestamp": 1511161998, "group": 0}, {"index": 2, "filename": "C:\\Users\\adhithyakrishna.ks\\Desktop\\docker-compose-common.yml.txt", "timestamp": 1511161994, "group": 0}, {"index": 1, "filename": "D:\\progs\\Tomcat\\webapps\\skavafeed\\WEB-INF\\feed-context.xml", "timestamp": 1511161979, "group": 0}, {"index": 1, "filename": "D:\\progs\\Tomcat\\conf\\logging.properties", "timestamp": 1511161973, "group": 0}, {"index": 0, "filename": "D:\\progs\\Tomcat\\index.txt", "timestamp": 1511161951, "group": 0}, {"index": 0, "filename": "D:\\usr\\local\\skava\\server.properties", "timestamp": 1510926393, "group": 0}, {"index": 0, "filename": "G:\\donot delete\\export.txt", "timestamp": 1510926393, "group": 0}, {"index": 0, "filename": "D:\\SkavaGIT\\skavacommerceconfiguration\\tools\\zookeeper-steps.md", "timestamp": 1510926393, "group": 0}]}}