{"C:\\Users\\adhithyakrishna.ks\\Desktop\\Aimia\\aimia.sublime-project": {"opened": [{"group": 0, "timestamp": 1511353875, "index": 1, "filename": "D:\\SkavaGIT\\javaproject\\partnerreliancenectar-mvn\\src\\main\\java\\com\\skava\\feed\\processors\\UserAnalyticsReportGenerator.java"}, {"group": 0, "timestamp": 1511352465, "index": 0, "filename": "D:\\SkavaGIT\\javaproject\\partnerreliancenectar-mvn\\src\\main\\java\\com\\skava\\hdfs\\HDFSUtil.java"}, {"group": 0, "timestamp": 1511185574, "index": 2, "filename": "E:\\Backup\\studies\\js\\longestpalindrome2.js"}, {"group": 0, "timestamp": 1511175768, "index": 2, "filename": "E:\\Backup\\studies\\lcs\\lcs pseudo.js"}, {"group": 0, "timestamp": 1511175544, "index": 2, "filename": "E:\\Backup\\studies\\lcs\\lcs-try.js"}], "closed": [{"group": 0, "timestamp": 1511352301, "index": 0, "filename": "D:\\SkavaGIT\\javaproject\\partnerreliancenectar-mvn\\src\\main\\java\\log4j.properties"}, {"group": 0, "timestamp": 1511352297, "index": 2, "filename": "E:\\Backup\\studies\\dfs\\dfs.js"}, {"group": 0, "timestamp": 1511352279, "index": 2, "filename": "E:\\Backup\\studies\\lcs\\lcs.js"}, {"group": 0, "timestamp": 1511352266, "index": 2, "filename": "E:\\Backup\\studies\\n queens\\nqueens.js"}, {"group": 0, "timestamp": 1511335893, "index": 0, "filename": "G:\\donot delete\\testFeedConfig.csv.txt"}, {"group": 0, "timestamp": 1511335892, "index": 1, "filename": "G:\\donot delete\\testConfig.csv"}, {"group": 0, "timestamp": 1511175539, "index": 2, "filename": "E:\\Backup\\studies\\lcs\\lcsattempt.js"}, {"group": 0, "timestamp": 1511175013, "index": 0, "filename": "E:\\Backup\\studies\\promise\\es6Syntax.js"}, {"group": 0, "timestamp": 1511175006, "index": 0, "filename": "D:\\progs\\solr-5.5.0\\example\\exampledocs\\money.xml"}, {"group": 0, "timestamp": 1511175004, "index": 5, "filename": "\\\\192.168.233.11\\backup2\\prem\\aimia\\useranalytics\\smaple_feedconfig.txt"}, {"group": 0, "timestamp": 1511175004, "index": 6, "filename": "\\\\192.168.233.11\\backup2\\prem\\aimia\\useranalytics\\UserAnalyticsReportGenerator.java"}, {"group": 0, "timestamp": 1511175003, "index": 8, "filename": "E:\\Backup\\studies\\promise\\promise1.js"}, {"group": 0, "timestamp": 1511174243, "index": 0, "filename": "E:\\Backup\\poc\\grunt preCompiler\\Gruntfile.js"}, {"group": 0, "timestamp": 1511164466, "index": 1, "filename": "D:\\progs\\solr-5.5.0\\example\\exampledocs\\books.json"}, {"group": 0, "timestamp": 1511163748, "index": 0, "filename": "D:\\progs\\Apache2.4\\htdocs\\skava\\skassets\\WCAG\\index.html"}, {"group": 0, "timestamp": 1511163355, "index": 0, "filename": "D:\\progs\\Apache2.4\\htdocs\\skava\\skassets\\index.html"}, {"group": 0, "timestamp": 1511163349, "index": 1, "filename": "D:\\progs\\Apache2.4\\htdocs\\skava\\skassets\\studies\\kata\\Competitive\\vowels.js"}, {"group": 0, "timestamp": 1511163348, "index": 2, "filename": "D:\\progs\\Apache2.4\\htdocs\\skava\\skassets\\studies\\kata\\Competitive\\10minwalk.js"}, {"group": 0, "timestamp": 1511163348, "index": 3, "filename": "D:\\progs\\Apache2.4\\htdocs\\skava\\skassets\\studies\\sort\\quick sort\\quicksort.js"}, {"group": 0, "timestamp": 1511163348, "index": 4, "filename": "D:\\progs\\Apache2.4\\htdocs\\skava\\skassets\\studies\\sort\\selection\\selectionsort.js"}, {"group": 0, "timestamp": 1511163348, "index": 5, "filename": "D:\\progs\\Apache2.4\\htdocs\\skava\\skassets\\studies\\singly linked list\\singlyll.js"}, {"group": 0, "timestamp": 1511163348, "index": 6, "filename": "D:\\progs\\Apache2.4\\htdocs\\skava\\skassets\\studies\\singly linked list\\ll.js"}, {"group": 0, "timestamp": 1511163347, "index": 7, "filename": "D:\\progs\\Apache2.4\\htdocs\\skava\\skassets\\studies\\n queens\\nqueens.js"}, {"group": 0, "timestamp": 1511163347, "index": 8, "filename": "D:\\progs\\Apache2.4\\htdocs\\skava\\skassets\\studies\\ds\\array.js"}, {"group": 0, "timestamp": 1511163342, "index": 1, "filename": "D:\\progs\\Apache2.4\\htdocs\\skava\\skassets\\studies\\kata\\Competitive\\Xbonacci.js"}, {"group": 0, "timestamp": 1511163278, "index": 1, "filename": "D:\\progs\\Apache2.4\\htdocs\\skava\\skassets\\studies\\kata\\Competitive\\xor.js"}, {"group": 0, "timestamp": 1511162796, "index": 10, "filename": "D:\\progs\\Apache2.4\\htdocs\\skava\\skassets\\studies\\ds\\index.html"}, {"group": 0, "timestamp": 1511162794, "index": 0, "filename": "D:\\usr\\local\\skava\\server.properties.txt"}, {"group": 0, "timestamp": 1511162757, "index": 8, "filename": "D:\\progs\\Apache2.4\\htdocs\\skava\\skassets\\studies\\sitemap\\link.txt"}, {"group": 0, "timestamp": 1511162719, "index": 6, "filename": "D:\\progs\\Apache2.4\\htdocs\\skava\\skassets\\studies\\sort\\quick sort\\try.js"}, {"group": 0, "timestamp": 1511162713, "index": 6, "filename": "D:\\progs\\Apache2.4\\htdocs\\skava\\skassets\\studies\\sort\\bubble\\bubble.js"}, {"group": 0, "timestamp": 1511162711, "index": 7, "filename": "D:\\progs\\Apache2.4\\htdocs\\skava\\skassets\\studies\\sort\\insertion sort\\insertion.js"}, {"group": 0, "timestamp": 1511162002, "index": 2, "filename": "D:\\progs\\Apache2.4\\htdocs\\skava\\skassets\\studies\\js\\heap.js"}, {"group": 0, "timestamp": 1511162001, "index": 3, "filename": "D:\\progs\\Apache2.4\\htdocs\\skava\\skassets\\studies\\kata\\Competitive\\summation.js"}, {"group": 0, "timestamp": 1511162001, "index": 3, "filename": "D:\\progs\\Apache2.4\\htdocs\\skava\\skassets\\studies\\kata\\Competitive\\reverseit.js"}, {"group": 0, "timestamp": 1511162001, "index": 3, "filename": "D:\\progs\\Apache2.4\\htdocs\\skava\\skassets\\studies\\kata\\Competitive\\additive inverse.js"}, {"group": 0, "timestamp": 1511162000, "index": 3, "filename": "D:\\progs\\Apache2.4\\htdocs\\skava\\skassets\\studies\\kata\\Competitive\\13divis.js"}, {"group": 0, "timestamp": 1511161999, "index": 2, "filename": "D:\\progs\\Apache2.4\\htdocs\\skava\\skassets\\studies\\es6\\unique.js"}, {"group": 0, "timestamp": 1511161999, "index": 2, "filename": "D:\\progs\\Apache2.4\\htdocs\\skava\\skassets\\studies\\dfs\\dfs.js"}, {"group": 0, "timestamp": 1511161998, "index": 2, "filename": "C:\\Users\\adhithyakrishna.ks\\Desktop\\docker-compose-common.yml"}, {"group": 0, "timestamp": 1511161994, "index": 2, "filename": "C:\\Users\\adhithyakrishna.ks\\Desktop\\docker-compose-common.yml.txt"}, {"group": 0, "timestamp": 1511161979, "index": 1, "filename": "D:\\progs\\Tomcat\\webapps\\skavafeed\\WEB-INF\\feed-context.xml"}, {"group": 0, "timestamp": 1511161973, "index": 1, "filename": "D:\\progs\\Tomcat\\conf\\logging.properties"}, {"group": 0, "timestamp": 1511161951, "index": 0, "filename": "D:\\progs\\Tomcat\\index.txt"}]}, "global": {"opened": [{"group": 0, "timestamp": 1511353875, "index": 1, "filename": "D:\\SkavaGIT\\javaproject\\partnerreliancenectar-mvn\\src\\main\\java\\com\\skava\\feed\\processors\\UserAnalyticsReportGenerator.java"}, {"group": 0, "timestamp": 1511352465, "index": 0, "filename": "D:\\SkavaGIT\\javaproject\\partnerreliancenectar-mvn\\src\\main\\java\\com\\skava\\hdfs\\HDFSUtil.java"}, {"group": 0, "timestamp": 1511185574, "index": 2, "filename": "E:\\Backup\\studies\\js\\longestpalindrome2.js"}, {"group": 0, "timestamp": 1511175768, "index": 2, "filename": "E:\\Backup\\studies\\lcs\\lcs pseudo.js"}, {"group": 0, "timestamp": 1511175544, "index": 2, "filename": "E:\\Backup\\studies\\lcs\\lcs-try.js"}, {"group": 0, "timestamp": 1510291694, "index": 3, "filename": "G:\\Learning\\java\\programs\\sample.java"}, {"group": 1, "timestamp": 1509342255, "index": 0, "filename": "C:\\Users\\adhithyakrishna.ks\\AppData\\Roaming\\Sublime Text 3\\Packages\\User\\Preferences.sublime-settings"}], "closed": [{"group": 0, "timestamp": 1511352301, "index": 0, "filename": "D:\\SkavaGIT\\javaproject\\partnerreliancenectar-mvn\\src\\main\\java\\log4j.properties"}, {"group": 0, "timestamp": 1511352297, "index": 2, "filename": "E:\\Backup\\studies\\dfs\\dfs.js"}, {"group": 0, "timestamp": 1511352279, "index": 2, "filename": "E:\\Backup\\studies\\lcs\\lcs.js"}, {"group": 0, "timestamp": 1511352266, "index": 2, "filename": "E:\\Backup\\studies\\n queens\\nqueens.js"}, {"group": 0, "timestamp": 1511335893, "index": 0, "filename": "G:\\donot delete\\testFeedConfig.csv.txt"}, {"group": 0, "timestamp": 1511335892, "index": 1, "filename": "G:\\donot delete\\testConfig.csv"}, {"group": 0, "timestamp": 1511175539, "index": 2, "filename": "E:\\Backup\\studies\\lcs\\lcsattempt.js"}, {"group": 0, "timestamp": 1511175013, "index": 0, "filename": "E:\\Backup\\studies\\promise\\es6Syntax.js"}, {"group": 0, "timestamp": 1511175006, "index": 0, "filename": "D:\\progs\\solr-5.5.0\\example\\exampledocs\\money.xml"}, {"group": 0, "timestamp": 1511175004, "index": 5, "filename": "\\\\192.168.233.11\\backup2\\prem\\aimia\\useranalytics\\smaple_feedconfig.txt"}, {"group": 0, "timestamp": 1511175004, "index": 6, "filename": "\\\\192.168.233.11\\backup2\\prem\\aimia\\useranalytics\\UserAnalyticsReportGenerator.java"}, {"group": 0, "timestamp": 1511175003, "index": 8, "filename": "E:\\Backup\\studies\\promise\\promise1.js"}, {"group": 0, "timestamp": 1511174243, "index": 0, "filename": "E:\\Backup\\poc\\grunt preCompiler\\Gruntfile.js"}, {"group": 0, "timestamp": 1511164466, "index": 1, "filename": "D:\\progs\\solr-5.5.0\\example\\exampledocs\\books.json"}, {"group": 0, "timestamp": 1511163748, "index": 0, "filename": "D:\\progs\\Apache2.4\\htdocs\\skava\\skassets\\WCAG\\index.html"}, {"group": 0, "timestamp": 1511163355, "index": 0, "filename": "D:\\progs\\Apache2.4\\htdocs\\skava\\skassets\\index.html"}, {"group": 0, "timestamp": 1511163349, "index": 1, "filename": "D:\\progs\\Apache2.4\\htdocs\\skava\\skassets\\studies\\kata\\Competitive\\vowels.js"}, {"group": 0, "timestamp": 1511163348, "index": 2, "filename": "D:\\progs\\Apache2.4\\htdocs\\skava\\skassets\\studies\\kata\\Competitive\\10minwalk.js"}, {"group": 0, "timestamp": 1511163348, "index": 3, "filename": "D:\\progs\\Apache2.4\\htdocs\\skava\\skassets\\studies\\sort\\quick sort\\quicksort.js"}, {"group": 0, "timestamp": 1511163348, "index": 4, "filename": "D:\\progs\\Apache2.4\\htdocs\\skava\\skassets\\studies\\sort\\selection\\selectionsort.js"}, {"group": 0, "timestamp": 1511163348, "index": 5, "filename": "D:\\progs\\Apache2.4\\htdocs\\skava\\skassets\\studies\\singly linked list\\singlyll.js"}, {"group": 0, "timestamp": 1511163348, "index": 6, "filename": "D:\\progs\\Apache2.4\\htdocs\\skava\\skassets\\studies\\singly linked list\\ll.js"}, {"group": 0, "timestamp": 1511163347, "index": 7, "filename": "D:\\progs\\Apache2.4\\htdocs\\skava\\skassets\\studies\\n queens\\nqueens.js"}, {"group": 0, "timestamp": 1511163347, "index": 8, "filename": "D:\\progs\\Apache2.4\\htdocs\\skava\\skassets\\studies\\ds\\array.js"}, {"group": 0, "timestamp": 1511163342, "index": 1, "filename": "D:\\progs\\Apache2.4\\htdocs\\skava\\skassets\\studies\\kata\\Competitive\\Xbonacci.js"}, {"group": 0, "timestamp": 1511163278, "index": 1, "filename": "D:\\progs\\Apache2.4\\htdocs\\skava\\skassets\\studies\\kata\\Competitive\\xor.js"}, {"group": 0, "timestamp": 1511162796, "index": 10, "filename": "D:\\progs\\Apache2.4\\htdocs\\skava\\skassets\\studies\\ds\\index.html"}, {"group": 0, "timestamp": 1511162794, "index": 0, "filename": "D:\\usr\\local\\skava\\server.properties.txt"}, {"group": 0, "timestamp": 1511162757, "index": 8, "filename": "D:\\progs\\Apache2.4\\htdocs\\skava\\skassets\\studies\\sitemap\\link.txt"}, {"group": 0, "timestamp": 1511162719, "index": 6, "filename": "D:\\progs\\Apache2.4\\htdocs\\skava\\skassets\\studies\\sort\\quick sort\\try.js"}, {"group": 0, "timestamp": 1511162713, "index": 6, "filename": "D:\\progs\\Apache2.4\\htdocs\\skava\\skassets\\studies\\sort\\bubble\\bubble.js"}, {"group": 0, "timestamp": 1511162711, "index": 7, "filename": "D:\\progs\\Apache2.4\\htdocs\\skava\\skassets\\studies\\sort\\insertion sort\\insertion.js"}, {"group": 0, "timestamp": 1511162002, "index": 2, "filename": "D:\\progs\\Apache2.4\\htdocs\\skava\\skassets\\studies\\js\\heap.js"}, {"group": 0, "timestamp": 1511162001, "index": 3, "filename": "D:\\progs\\Apache2.4\\htdocs\\skava\\skassets\\studies\\kata\\Competitive\\summation.js"}, {"group": 0, "timestamp": 1511162001, "index": 3, "filename": "D:\\progs\\Apache2.4\\htdocs\\skava\\skassets\\studies\\kata\\Competitive\\reverseit.js"}, {"group": 0, "timestamp": 1511162001, "index": 3, "filename": "D:\\progs\\Apache2.4\\htdocs\\skava\\skassets\\studies\\kata\\Competitive\\additive inverse.js"}, {"group": 0, "timestamp": 1511162000, "index": 3, "filename": "D:\\progs\\Apache2.4\\htdocs\\skava\\skassets\\studies\\kata\\Competitive\\13divis.js"}, {"group": 0, "timestamp": 1511161999, "index": 2, "filename": "D:\\progs\\Apache2.4\\htdocs\\skava\\skassets\\studies\\es6\\unique.js"}, {"group": 0, "timestamp": 1511161999, "index": 2, "filename": "D:\\progs\\Apache2.4\\htdocs\\skava\\skassets\\studies\\dfs\\dfs.js"}, {"group": 0, "timestamp": 1511161998, "index": 2, "filename": "C:\\Users\\adhithyakrishna.ks\\Desktop\\docker-compose-common.yml"}, {"group": 0, "timestamp": 1511161994, "index": 2, "filename": "C:\\Users\\adhithyakrishna.ks\\Desktop\\docker-compose-common.yml.txt"}, {"group": 0, "timestamp": 1511161979, "index": 1, "filename": "D:\\progs\\Tomcat\\webapps\\skavafeed\\WEB-INF\\feed-context.xml"}, {"group": 0, "timestamp": 1511161973, "index": 1, "filename": "D:\\progs\\Tomcat\\conf\\logging.properties"}, {"group": 0, "timestamp": 1511161951, "index": 0, "filename": "D:\\progs\\Tomcat\\index.txt"}, {"group": 0, "timestamp": 1510926393, "index": 0, "filename": "D:\\usr\\local\\skava\\server.properties"}, {"group": 0, "timestamp": 1510926393, "index": 0, "filename": "G:\\donot delete\\export.txt"}, {"group": 0, "timestamp": 1510926393, "index": 0, "filename": "D:\\progs\\Tomcat\\conf\\server.xml"}, {"group": 0, "timestamp": 1510828686, "index": 0, "filename": "G:\\Triage\\11\\9.todo"}, {"group": 0, "timestamp": 1510828679, "index": 2, "filename": "C:\\Users\\adhithyakrishna.ks\\Downloads\\tweets\\dump\\twitter\\tweets.metadata.json"}, {"group": 0, "timestamp": 1510735451, "index": 3, "filename": "C:\\Users\\adhithyakrishna.ks\\Downloads\\tweets\\dump\\twitter\\tweets.bson"}, {"group": 0, "timestamp": 1510734868, "index": 1, "filename": "D:\\hadoop-3.0.0-beta1\\etc\\hadoop\\hdfs-site.xml"}, {"group": 0, "timestamp": 1510734867, "index": 2, "filename": "D:\\hadoop-3.0.0-beta1\\etc\\hadoop\\yarn-site.xml"}, {"group": 0, "timestamp": 1510730741, "index": 1, "filename": "D:\\hadoop-3.0.0-beta1\\etc\\hadoop\\mapred-site.xml"}, {"group": 0, "timestamp": 1510730624, "index": 3, "filename": "G:\\work\\2017\\11\\09\\repository.txt"}, {"group": 0, "timestamp": 1510730622, "index": 4, "filename": "C:\\Users\\adhithyakrishna.ks\\Downloads\\Reliance_stage.txt"}, {"group": 0, "timestamp": 1510730621, "index": 5, "filename": "D:\\hadoop-3.0.0-beta1\\etc\\hadoop\\core-site.xml"}, {"group": 0, "timestamp": 1510642917, "index": 1, "filename": "G:\\Learning\\java\\hints.txt"}, {"group": 0, "timestamp": 1510642916, "index": 2, "filename": "G:\\Learning\\java\\programs\\Variables.java"}, {"group": 0, "timestamp": 1510642915, "index": 2, "filename": "G:\\Learning\\java\\programs\\Pupper.java"}, {"group": 0, "timestamp": 1510642914, "index": 4, "filename": "G:\\Learning\\java\\programs\\Trial.java"}, {"group": 0, "timestamp": 1510642914, "index": 5, "filename": "G:\\Learning\\java\\programs\\Static.java"}, {"group": 0, "timestamp": 1510642913, "index": 6, "filename": "G:\\Learning\\java\\programs\\Animal.java"}, {"group": 0, "timestamp": 1510642913, "index": 7, "filename": "G:\\Learning\\java\\Algorithms\\hastables.txt"}, {"group": 0, "timestamp": 1510642908, "index": 8, "filename": "G:\\Learning\\java\\Notes.txt"}, {"group": 0, "timestamp": 1510294545, "index": 4, "filename": "C:\\Users\\adhithyakrishna.ks\\Downloads\\theme-919.xml"}, {"group": 0, "timestamp": 1510294416, "index": 5, "filename": "C:\\Users\\adhithyakrishna.ks\\AppData\\Roaming\\Sublime Text 3\\Packages\\User\\Javatar.sublime-settings"}, {"group": 0, "timestamp": 1510289835, "index": 2, "filename": "D:\\progs\\Apache2.4\\conf\\httpd.conf"}, {"group": 0, "timestamp": 1510289834, "index": 2, "filename": "D:\\progs\\Tomcat\\bin\\setenv.bat"}, {"group": 0, "timestamp": 1510289833, "index": 1, "filename": "D:\\progs\\Tomcat\\RUNNING.txt"}, {"group": 0, "timestamp": 1510230831, "index": 5, "filename": "D:\\progs\\Tomcat\\conf\\context.xml"}, {"group": 0, "timestamp": 1510209203, "index": 1, "filename": "G:\\cases\\AIA-700\\calculation"}, {"group": 0, "timestamp": 1510209195, "index": 1, "filename": "G:\\Triage\\11\\7.todo"}, {"group": 0, "timestamp": 1510058762, "index": 11, "filename": "D:\\progs\\Apache2.4\\htdocs\\skava\\skassets\\studies\\kata\\Translate\\stringperutation.js"}, {"group": 0, "timestamp": 1510053148, "index": 5, "filename": "C:\\Users\\adhithyakrishna.ks\\AppData\\Roaming\\Sublime Text 3\\Local\\Session.sublime_session"}, {"group": 0, "timestamp": 1510031474, "index": 0, "filename": "G:\\Triage\\11\\6.todo"}, {"group": 0, "timestamp": 1509964699, "index": 1, "filename": "C:\\Users\\adhithyakrishna.ks\\AppData\\Roaming\\Sublime Text 3\\Packages\\PlainTasks\\messages\\Tutorial.todo"}, {"group": 1, "timestamp": 1509964436, "index": 0, "filename": "C:\\Users\\adhithyakrishna.ks\\AppData\\Roaming\\Sublime Text 3\\Packages\\User\\Default (Windows).sublime-keymap"}, {"group": 0, "timestamp": 1509964416, "index": 0, "filename": "G:\\cases\\AIA-918\\headerWidgetTab.ftl"}, {"group": 0, "timestamp": 1509964416, "index": 0, "filename": "G:\\cases\\AIA-918\\menuWidget.ftl"}]}}